Workbook

Sheet MatchScoutingData
A1: Key | B1: Scouter PIN | C1: Match | D1: Alliance | E1: Team | F1: Climbing Attempted | G1: Robot Reach Level 1 | H1: Robot Move in Auto | I1: A-Stop Activated | J1: Total Fuel Scored | K1: Speed to Shoot Fuel | L1: Accuracy to Shoot Fuel | M1: Number of Fuel Collected | N1: Duirng Inactive, did Collect | O1: During Inactive, did Pass | P1: Collect from Alliance Zone | Q1: Collect from Neutral Zone | R1: Was Intake Good | S1: Climb, Scucess, Level (Endgame) | T1: Defensive Whole Game | U1: Shot from Same Position | V1: Continue to Shoot Until End | W1: Grade Robot's Performance | X1: Result of Match (Postmatch) | Y1: Energized Ranking Point | Z1: Supercharged Ranking Point | AA1: Traversal Ranking Point | AB1: Total Points Scored | AC1: Comments
A2: 1.Blue 1 | B2: Arthur Sayre | C2: 1 | D2: b1 | E2: 5528 | F2: 0 | G2: 0 | H2: 1 | I2: 1 | J2: 2 | K2: 3 | L2: 1 | M2: 3 | N2: 1 | O2: 0 | P2: 0 | Q2: 1 | R2: 0 | S2: 3 | T2: 0 | U2: 0 | V2: 0 | W2: 2 | X2: 1 | Y2: 0 | Z2: 1 | AA2: 1 | AB2: 262 | AC2: Hello World!
A3: 1.Blue 2 | B3: Gianmarco D'Angelo | C3: 1 | D3: b2 | E3: 1405 | F3: 1 | G3: 1 | H3: 1 | I3: 1 | J3: 2 | K3: 1 | L3: 2 | M3: 2 | N3: 1 | O3: 1 | P3: 0 | Q3: 0 | R3: 1 | S3: 0 | T3: 0 | U3: 1 | V3: 1 | W3: 1 | X3: 1 | Y3: 1 | Z3: 0 | AA3: 1 | AB3: 43 | AC3: Hello World!
A4: 1.Blue 3 | B4: Celton Norter | C4: 1 | D4: b3 | E4: 7030 | F4: 1 | G4: 1 | H4: 0 | I4: 1 | J4: 2 | K4: 1 | L4: 1 | M4: 5 | N4: 1 | O4: 1 | P4: 1 | Q4: 1 | R4: 1 | S4: 0 | T4: 0 | U4: 0 | V4: 0 | W4: 3 | X4: -1 | Y4: 1 | Z4: 1 | AA4: 1 | AB4: 24 | AC4: Hello World!
A5: 1.Red 1 | B5: Domenic Giammusso | C5: 1 | D5: r1 | E5: 810 | F5: 0 | G5: 1 | H5: 1 | I5: 1 | J5: 4 | K5: 1 | L5: 3 | M5: 5 | N5: 0 | O5: 1 | P5: 0 | Q5: 0 | R5: 1 | S5: 2 | T5: 0 | U5: 0 | V5: 0 | W5: 1 | X5: 1 | Y5: 0 | Z5: 0 | AA5: 1 | AB5: 198 | AC5: Hello World!
A6: 1.Red 2 | B6: Nathan DeVito | C6: 1 | D6: r2 | E6: 564 | F6: 0 | G6: 0 | H6: 0 | I6: 0 | J6: 5 | K6: 1 | L6: 3 | M6: 1 | N6: 1 | O6: 1 | P6: 1 | Q6: 0 | R6: 1 | S6: 2 | T6: 0 | U6: 1 | V6: 0 | W6: 1 | X6: -1 | Y6: 1 | Z6: 1 | AA6: 1 | AB6: 173 | AC6: Hello World!
A7: 1.Red 3 | B7: Gianmarco D'Angelo | C7: 1 | D7: r3 | E7: 10922 | F7: 1 | G7: 1 | H7: 1 | I7: 0 | J7: 5 | K7: 2 | L7: 2 | M7: 3 | N7: 0 | O7: 0 | P7: 0 | Q7: 1 | R7: 0 | S7: 2 | T7: 1 | U7: 1 | V7: 0 | W7: 1 | X7: -1 | Y7: 0 | Z7: 0 | AA7: 0 | AB7: 2 | AC7: Hello World!
A8: 2.Blue 1 | B8: Celton Norter | C8: 2 | D8: b1 | E8: 1591 | F8: 1 | G8: 0 | H8: 0 | I8: 0 | J8: 4 | K8: 3 | L8: 3 | M8: 2 | N8: 0 | O8: 1 | P8: 0 | Q8: 0 | R8: 0 | S8: 1 | T8: 0 | U8: 1 | V8: 1 | W8: 1 | X8: 0 | Y8: 1 | Z8: 1 | AA8: 0 | AB8: 149 | AC8: Hello World!
A9: 2.Blue 2 | B9: Tetra Ukav | C9: 2 | D9: b2 | E9: 432 | F9: 0 | G9: 0 | H9: 1 | I9: 0 | J9: 4 | K9: 3 | L9: 3 | M9: 2 | N9: 1 | O9: 0 | P9: 1 | Q9: 1 | R9: 1 | S9: 1 | T9: 0 | U9: 0 | V9: 1 | W9: 4 | X9: 0 | Y9: 1 | Z9: 1 | AA9: 1 | AB9: 207 | AC9: Hello World!
A10: 2.Blue 3 | B10: Carter Silva | C10: 2 | D10: b3 | E10: 1468 | F10: 1 | G10: 0 | H10: 1 | I10: 1 | J10: 4 | K10: 3 | L10: 3 | M10: 4 | N10: 1 | O10: 0 | P10: 1 | Q10: 0 | R10: 0 | S10: 1 | T10: 0 | U10: 1 | V10: 1 | W10: 2 | X10: 0 | Y10: 0 | Z10: 1 | AA10: 0 | AB10: 260 | AC10: Hello World!
A11: 2.Red 1 | B11: Dean Blanchard | C11: 2 | D11: r1 | E11: 1559 | F11: 0 | G11: 1 | H11: 1 | I11: 0 | J11: 4 | K11: 3 | L11: 1 | M11: 1 | N11: 1 | O11: 1 | P11: 0 | Q11: 0 | R11: 1 | S11: 3 | T11: 0 | U11: 0 | V11: 1 | W11: 2 | X11: 0 | Y11: 1 | Z11: 0 | AA11: 0 | AB11: 44 | AC11: Hello World!
A12: 2.Red 2 | B12: Andrew Crawford | C12: 2 | D12: r2 | E12: 4253 | F12: 0 | G12: 1 | H12: 1 | I12: -1 | J12: 5 | K12: 1 | L12: 3 | M12: 2 | N12: 0 | O12: 1 | P12: 1 | Q12: 1 | R12: 1 | S12: 0 | T12: 1 | U12: 0 | V12: 0 | W12: 5 | X12: 1 | Y12: 1 | Z12: 0 | AA12: 0 | AB12: 246 | AC12: Hello World!
A13: 2.Red 3 | B13: Celton Norter | C13: 2 | D13: r3 | E13: 271 | F13: 1 | G13: 1 | H13: 0 | I13: -1 | J13: 4 | K13: 2 | L13: 3 | M13: 1 | N13: 1 | O13: 0 | P13: 1 | Q13: 0 | R13: 1 | S13: -1 | T13: 1 | U13: 1 | V13: 1 | W13: 5 | X13: 1 | Y13: 0 | Z13: 0 | AA13: 0 | AB13: 298 | AC13: Hello World!
... A499: 83.Red 3 | B499: Colby Jackson | C499: 83 | D499: r3 | E499: 7903 | F499: 1 | G499: 0 | H499: 0 | I499: -1 | J499: 4 | K499: 1 | L499: 3 | M499: 1 | N499: 0 | O499: 0 | P499: 1 | Q499: 0 | R499: 1 | S499: -1 | T499: 1 | U499: 0 | V499: 0 | W499: 2 | X499: -1 | Y499: 0 | Z499: 1 | AA499: 0 | AB499: 59 | AC499: Hello World!

Sheet Event
A1: TBA Key | B1: 2026nyro
A2: FIRST Key | B2: nyro
A3: Name | B3: Finger Lakes Regional
A4: Location | B4: Gordon Field House - Rochester Institute of Technology
A5: Start Date | B5: 2026-03-11

Sheet Teams
A1: Team Number | B1: Nickname | C1: School | D1: Rookie Year | E1: TBA Key
A2: 20 | B2: The Rocketeers | C2: Shenendehowa High School | D2: 1992 | E2: frc20
A3: 48 | B3: Team E.L.I.T.E. | C3: Warren G Harding High School | D3: 1998 | E3: frc48
A4: 144 | B4: Operation Orange | C4: Butler Tech Career Center | D4: 1994 | E4: frc144
A5: 191 | B5: X-CATS | C5: Wilson Magnet High School | D5: 1992 | E5: frc191
A6: 271 | B6: Mechanical Marauders | C6: Bay Shore High School | D6: 1999 | E6: frc271
A7: 325 | B7: Respawn Robotics | C7: Butler Tech | D7: 1998 | E7: frc325
A8: 340 | B8: G.R.R. (Greater Rochester Robotics) | C8: Churchville Chili High School | D8: 2000 | E8: frc340
A9: 353 | B9: POBots | C9: John F Kennedy High School | D9: 2000 | E9: frc353
A10: 378 | B10: The Circuit Stompers | C10: 4-H | D10: 2000 | E10: frc378
A11: 424 | B11: Rust Belt Robotics | C11: Churchville-Chili High School & Bausch & Lomb Incorporated | D11: 2000 | E11: frc424
A12: 432 | B12: The Final Countdown | C12: Butler Tech AM-Hub | D12: 1994 | E12: frc432
A13: 564 | B13: Longwood RoboLions | C13: Longwood High School | D13: 2001 | E13: frc564
... A56: 10922 | B56: Amped | C56: Family/Community | D56: 2026 | E56: frc10922

Sheet Matches
A1: Match | B1: Start Time | C1: Blue 1 | D1: Blue 2 | E1: Blue 3 | F1: Red 1 | G1: Red 2 | H1: Red 3
A2: 1 | B2: 2026-03-13 08:50:00 | C2: 5528 | D2: 1405 | E2: 7030 | F2: 810 | G2: 564 | H2: 10922 | J2: Match has not yet been scouted
A3: 2 | B3: 2026-03-13 08:59:00 | C3: 1591 | D3: 432 | E3: 1468 | F3: 1559 | G3: 4253 | H3: 271 | J3: Match has been scouted
A4: 3 | B4: 2026-03-13 09:08:00 | C4: 10223 | D4: 191 | E4: 578 | F4: 3173 | G4: 7903 | H4: 3015 | J4: Match was scouted more than once
A5: 4 | B5: 2026-03-13 09:17:00 | C5: 1511 | D5: 3951 | E5: 4458 | F5: 1518 | G5: 3799 | H5: 378 | J5: Wrong team was scouted
A6: 5 | B6: 2026-03-13 09:26:00 | C6: 5590 | D6: 6423 | E6: 325 | F6: 3181 | G6: 1126 | H6: 20
A7: 6 | B7: 2026-03-13 09:35:00 | C7: 1507 | D7: 144 | E7: 424 | F7: 3003 | G7: 4093 | H7: 9767
A8: 7 | B8: 2026-03-13 09:44:00 | C8: 4930 | D8: 1056 | E8: 3044 | F8: 1781 | G8: 1450 | H8: 8503
A9: 8 | B9: 2026-03-13 09:53:00 | C9: 9016 | D9: 6947 | E9: 6868 | F9: 340 | G9: 1787 | H9: 3838
A10: 9 | B10: 2026-03-13 10:02:00 | C10: 2340 | D10: 639 | E10: 2228 | F10: 1585 | G10: 353 | H10: 694
A11: 10 | B11: 2026-03-13 10:11:00 | C11: 48 | D11: 7030 | E11: 7903 | F11: 271 | G11: 1405 | H11: 4458
A12: 11 | B12: 2026-03-13 10:20:00 | C12: 3173 | D12: 578 | E12: 432 | F12: 20 | G12: 10922 | H12: 1468
A13: 12 | B13: 2026-03-13 10:28:00 | C13: 9767 | D13: 6423 | E13: 1126 | F13: 564 | G13: 4093 | H13: 1518
A14: 13 | B14: 2026-03-13 10:36:00 | C14: 3799 | D14: 3003 | E14: 4253 | F14: 1056 | G14: 10223 | H14: 3181
A15: 14 | B15: 2026-03-13 10:44:00 | C15: 3838 | D15: 3951 | E15: 8503 | F15: 810 | G15: 144 | H15: 5590
A16: 15 | B16: 2026-03-13 10:52:00 | C16: 1450 | D16: 3015 | E16: 9016 | F16: 639 | G16: 5528 | H16: 1591
A17: 16 | B17: 2026-03-13 11:00:00 | C17: 378 | D17: 1585 | E17: 6947 | F17: 353 | G17: 4930 | H17: 48
... A84: 83 | B84: 2026-03-14 11:46:00 | C84: 432 | D84: 3838 | E84: 20 | F84: 1056 | G84: 639 | H84: 7903

Sheet Team Scores
C1: Auto | H1: Teleop | P1: Endgame | U1: Post Match
A2: Team | B2: Matches Scouted | C2: Climbed | D2: Level 1 | E2: Moved | F2: A-Stop | G2: Fuel Scored | H2: Shoot Speed | I2: Accuracy | J2: Fuel Collected | K2: Collect Inactive | L2: Did Pass | M2: Collect Alliance Zone | N2: Collect Neutral Zone | O2: Was Intake Good | P2: Climb Success | Q2: Defense Whole Game | R2: Shot from Same Position | S2: Shoot to End | T2: Performance | U2: Match Results | V2: Total Points | W2: Energized Ranking | X2: Supercharged Ranking | Y2: Traversal Ranking | Z2: Total Ranking Points
A3: 20 | B3: =COUNTIF(MatchScoutingData!E$2:E$1000, $A3) -> 10 | C3: =SUMIF(MatchScoutingData!$E$2:$E$1000, $A3, MatchScoutingData!F$2:F$1000) -> 3 | D3: =SUMIF(MatchScoutingData!$E$2:$E$1000, $A3, MatchScoutingData!G$2:G$1000) -> 2 | E3: =SUMIF(MatchScoutingData!$E$2:$E$1000, $A3, MatchScoutingData!H$2:H$1000) -> 8 | F3: =SUMIF(MatchScoutingData!$E$2:$E$1000, $A3, MatchScoutingData!I$2:I$1000) -> 0 | G3: =SUMIF(MatchScoutingData!$E$2:$E$1000, $A3, MatchScoutingData!J$2:J$1000) -> 37 | H3: =SUMIF(MatchScoutingData!$E$2:$E$1000, $A3, MatchScoutingData!K$2:K$1000) -> 20 | I3: =SUMIF(MatchScoutingData!$E$2:$E$1000, $A3, MatchScoutingData!L$2:L$1000) -> 18 | J3: =SUMIF(MatchScoutingData!$E$2:$E$1000, $A3, MatchScoutingData!M$2:M$1000) -> 31 | ... U3: =SUMIF(MatchScoutingData!$E$2:$E$1000, $A3, MatchScoutingData!X$2:X$1000) -> -1 | V3: =SUMIF(MatchScoutingData!$E$2:$E$1000, $A3, MatchScoutingData!AB$2:AB$1000) -> 1935 | W3: =SUMIF(MatchScoutingData!$E$2:$E$1000, $A3, MatchScoutingData!Y$2:Y$1000) -> 7 | X3: =SUMIF(MatchScoutingData!$E$2:$E$1000, $A3, MatchScoutingData!Z$2:Z$1000) -> 3 | Y3: =SUMIF(MatchScoutingData!$E$2:$E$1000, $A3, MatchScoutingData!AA$2:AA$1000) -> 8 | Z3: =SUM(W3:Y3) -> 18
A4: 48 | B4: =COUNTIF(MatchScoutingData!E$2:E$1000, $A4) -> 9 | C4: =SUMIF(MatchScoutingData!$E$2:$E$1000, $A4, MatchScoutingData!F$2:F$1000) -> 3 | D4: =SUMIF(MatchScoutingData!$E$2:$E$1000, $A4, MatchScoutingData!G$2:G$1000) -> 5 | E4: =SUMIF(MatchScoutingData!$E$2:$E$1000, $A4, MatchScoutingData!H$2:H$1000) -> 7 | F4: =SUMIF(MatchScoutingData!$E$2:$E$1000, $A4, MatchScoutingData!I$2:I$1000) -> 0 | G4: =SUMIF(MatchScoutingData!$E$2:$E$1000, $A4, MatchScoutingData!J$2:J$1000) -> 33 | H4: =SUMIF(MatchScoutingData!$E$2:$E$1000, $A4, MatchScoutingData!K$2:K$1000) -> 17 | I4: =SUMIF(MatchScoutingData!$E$2:$E$1000, $A4, MatchScoutingData!L$2:L$1000) -> 19 | J4: =SUMIF(MatchScoutingData!$E$2:$E$1000, $A4, MatchScoutingData!M$2:M$1000) -> 27 | ... U4: =SUMIF(MatchScoutingData!$E$2:$E$1000, $A4, MatchScoutingData!X$2:X$1000) -> 1 | V4: =SUMIF(MatchScoutingData!$E$2:$E$1000, $A4, MatchScoutingData!AB$2:AB$1000) -> 1045 | W4: =SUMIF(MatchScoutingData!$E$2:$E$1000, $A4, MatchScoutingData!Y$2:Y$1000) -> 6 | X4: =SUMIF(MatchScoutingData!$E$2:$E$1000, $A4, MatchScoutingData!Z$2:Z$1000) -> 5 | Y4: =SUMIF(MatchScoutingData!$E$2:$E$1000, $A4, MatchScoutingData!AA$2:AA$1000) -> 5 | Z4: =SUM(W4:Y4) -> 16
A5: 144 | B5: =COUNTIF(MatchScoutingData!E$2:E$1000, $A5) -> 9 | C5: =SUMIF(MatchScoutingData!$E$2:$E$1000, $A5, MatchScoutingData!F$2:F$1000) -> 7 | D5: =SUMIF(MatchScoutingData!$E$2:$E$1000, $A5, MatchScoutingData!G$2:G$1000) -> 5 | E5: =SUMIF(MatchScoutingData!$E$2:$E$1000, $A5, MatchScoutingData!H$2:H$1000) -> 4 | F5: =SUMIF(MatchScoutingData!$E$2:$E$1000, $A5, MatchScoutingData!I$2:I$1000) -> -1 | G5: =SUMIF(MatchScoutingData!$E$2:$E$1000, $A5, MatchScoutingData!J$2:J$1000) -> 22 | H5: =SUMIF(MatchScoutingData!$E$2:$E$1000, $A5, MatchScoutingData!K$2:K$1000) -> 17 | I5: =SUMIF(MatchScoutingData!$E$2:$E$1000, $A5, MatchScoutingData!L$2:L$1000) -> 17 | J5: =SUMIF(MatchScoutingData!$E$2:$E$1000, $A5, MatchScoutingData!M$2:M$1000) -> 24 | ... U5: =SUMIF(MatchScoutingData!$E$2:$E$1000, $A5, MatchScoutingData!X$2:X$1000) -> 2 | V5: =SUMIF(MatchScoutingData!$E$2:$E$1000, $A5, MatchScoutingData!AB$2:AB$1000) -> 1198 | W5: =SUMIF(MatchScoutingData!$E$2:$E$1000, $A5, MatchScoutingData!Y$2:Y$1000) -> 4 | X5: =SUMIF(MatchScoutingData!$E$2:$E$1000, $A5, MatchScoutingData!Z$2:Z$1000) -> 6 | Y5: =SUMIF(MatchScoutingData!$E$2:$E$1000, $A5, MatchScoutingData!AA$2:AA$1000) -> 3 | Z5: =SUM(W5:Y5) -> 13
A6: 191 | B6: =COUNTIF(MatchScoutingData!E$2:E$1000, $A6) -> 9 | C6: =SUMIF(MatchScoutingData!$E$2:$E$1000, $A6, MatchScoutingData!F$2:F$1000) -> 4 | D6: =SUMIF(MatchScoutingData!$E$2:$E$1000, $A6, MatchScoutingData!G$2:G$1000) -> 6 | E6: =SUMIF(MatchScoutingData!$E$2:$E$1000, $A6, MatchScoutingData!H$2:H$1000) -> 6 | F6: =SUMIF(MatchScoutingData!$E$2:$E$1000, $A6, MatchScoutingData!I$2:I$1000) -> -1 | G6: =SUMIF(MatchScoutingData!$E$2:$E$1000, $A6, MatchScoutingData!J$2:J$1000) -> 22 | H6: =SUMIF(MatchScoutingData!$E$2:$E$1000, $A6, MatchScoutingData!K$2:K$1000) -> 19 | I6: =SUMIF(MatchScoutingData!$E$2:$E$1000, $A6, MatchScoutingData!L$2:L$1000) -> 20 | J6: =SUMIF(MatchScoutingData!$E$2:$E$1000, $A6, MatchScoutingData!M$2:M$1000) -> 31 | ... U6: =SUMIF(MatchScoutingData!$E$2:$E$1000, $A6, MatchScoutingData!X$2:X$1000) -> 0 | V6: =SUMIF(MatchScoutingData!$E$2:$E$1000, $A6, MatchScoutingData!AB$2:AB$1000) -> 1164 | W6: =SUMIF(MatchScoutingData!$E$2:$E$1000, $A6, MatchScoutingData!Y$2:Y$1000) -> 3 | X6: =SUMIF(MatchScoutingData!$E$2:$E$1000, $A6, MatchScoutingData!Z$2:Z$1000) -> 5 | Y6: =SUMIF(MatchScoutingData!$E$2:$E$1000, $A6, MatchScoutingData!AA$2:AA$1000) -> 8 | Z6: =SUM(W6:Y6) -> 16
A7: 271 | B7: =COUNTIF(MatchScoutingData!E$2:E$1000, $A7) -> 9 | C7: =SUMIF(MatchScoutingData!$E$2:$E$1000, $A7, MatchScoutingData!F$2:F$1000) -> 3 | D7: =SUMIF(MatchScoutingData!$E$2:$E$1000, $A7, MatchScoutingData!G$2:G$1000) -> 3 | E7: =SUMIF(MatchScoutingData!$E$2:$E$1000, $A7, MatchScoutingData!H$2:H$1000) -> 2 | F7: =SUMIF(MatchScoutingData!$E$2:$E$1000, $A7, MatchScoutingData!I$2:I$1000) -> 0 | G7: =SUMIF(MatchScoutingData!$E$2:$E$1000, $A7, MatchScoutingData!J$2:J$1000) -> 28 | H7: =SUMIF(MatchScoutingData!$E$2:$E$1000, $A7, MatchScoutingData!K$2:K$1000) -> 19 | I7: =SUMIF(MatchScoutingData!$E$2:$E$1000, $A7, MatchScoutingData!L$2:L$1000) -> 22 | J7: =SUMIF(MatchScoutingData!$E$2:$E$1000, $A7, MatchScoutingData!M$2:M$1000) -> 20 | ... U7: =SUMIF(MatchScoutingData!$E$2:$E$1000, $A7, MatchScoutingData!X$2:X$1000) -> 2 | V7: =SUMIF(MatchScoutingData!$E$2:$E$1000, $A7, MatchScoutingData!AB$2:AB$1000) -> 1196 | W7: =SUMIF(MatchScoutingData!$E$2:$E$1000, $A7, MatchScoutingData!Y$2:Y$1000) -> 7 | X7: =SUMIF(MatchScoutingData!$E$2:$E$1000, $A7, MatchScoutingData!Z$2:Z$1000) -> 5 | Y7: =SUMIF(MatchScoutingData!$E$2:$E$1000, $A7, MatchScoutingData!AA$2:AA$1000) -> 3 | Z7: =SUM(W7:Y7) -> 15
A8: 325 | B8: =COUNTIF(MatchScoutingData!E$2:E$1000, $A8) -> 9 | C8: =SUMIF(MatchScoutingData!$E$2:$E$1000, $A8, MatchScoutingData!F$2:F$1000) -> 4 | D8: =SUMIF(MatchScoutingData!$E$2:$E$1000, $A8, MatchScoutingData!G$2:G$1000) -> 5 | E8: =SUMIF(MatchScoutingData!$E$2:$E$1000, $A8, MatchScoutingData!H$2:H$1000) -> 5 | F8: =SUMIF(MatchScoutingData!$E$2:$E$1000, $A8, MatchScoutingData!I$2:I$1000) -> 2 | G8: =SUMIF(MatchScoutingData!$E$2:$E$1000, $A8, MatchScoutingData!J$2:J$1000) -> 31 | H8: =SUMIF(MatchScoutingData!$E$2:$E$1000, $A8, MatchScoutingData!K$2:K$1000) -> 21 | I8: =SUMIF(MatchScoutingData!$E$2:$E$1000, $A8, MatchScoutingData!L$2:L$1000) -> 20 | J8: =SUMIF(MatchScoutingData!$E$2:$E$1000, $A8, MatchScoutingData!M$2:M$1000) -> 29 | ... U8: =SUMIF(MatchScoutingData!$E$2:$E$1000, $A8, MatchScoutingData!X$2:X$1000) -> 4 | V8: =SUMIF(MatchScoutingData!$E$2:$E$1000, $A8, MatchScoutingData!AB$2:AB$1000) -> 1315 | W8: =SUMIF(MatchScoutingData!$E$2:$E$1000, $A8, MatchScoutingData!Y$2:Y$1000) -> 7 | X8: =SUMIF(MatchScoutingData!$E$2:$E$1000, $A8, MatchScoutingData!Z$2:Z$1000) -> 2 | Y8: =SUMIF(MatchScoutingData!$E$2:$E$1000, $A8, MatchScoutingData!AA$2:AA$1000) -> 6 | Z8: =SUM(W8:Y8) -> 15
A9: 340 | B9: =COUNTIF(MatchScoutingData!E$2:E$1000, $A9) -> 9 | C9: =SUMIF(MatchScoutingData!$E$2:$E$1000, $A9, MatchScoutingData!F$2:F$1000) -> 3 | D9: =SUMIF(MatchScoutingData!$E$2:$E$1000, $A9, MatchScoutingData!G$2:G$1000) -> 5 | E9: =SUMIF(MatchScoutingData!$E$2:$E$1000, $A9, MatchScoutingData!H$2:H$1000) -> 3 | F9: =SUMIF(MatchScoutingData!$E$2:$E$1000, $A9, MatchScoutingData!I$2:I$1000) -> 2 | G9: =SUMIF(MatchScoutingData!$E$2:$E$1000, $A9, MatchScoutingData!J$2:J$1000) -> 28 | H9: =SUMIF(MatchScoutingData!$E$2:$E$1000, $A9, MatchScoutingData!K$2:K$1000) -> 19 | I9: =SUMIF(MatchScoutingData!$E$2:$E$1000, $A9, MatchScoutingData!L$2:L$1000) -> 13 | J9: =SUMIF(MatchScoutingData!$E$2:$E$1000, $A9, MatchScoutingData!M$2:M$1000) -> 23 | ... U9: =SUMIF(MatchScoutingData!$E$2:$E$1000, $A9, MatchScoutingData!X$2:X$1000) -> 0 | V9: =SUMIF(MatchScoutingData!$E$2:$E$1000, $A9, MatchScoutingData!AB$2:AB$1000) -> 1504 | W9: =SUMIF(MatchScoutingData!$E$2:$E$1000, $A9, MatchScoutingData!Y$2:Y$1000) -> 4 | X9: =SUMIF(MatchScoutingData!$E$2:$E$1000, $A9, MatchScoutingData!Z$2:Z$1000) -> 3 | Y9: =SUMIF(MatchScoutingData!$E$2:$E$1000, $A9, MatchScoutingData!AA$2:AA$1000) -> 4 | Z9: =SUM(W9:Y9) -> 11
A10: 353 | B10: =COUNTIF(MatchScoutingData!E$2:E$1000, $A10) -> 9 | C10: =SUMIF(MatchScoutingData!$E$2:$E$1000, $A10, MatchScoutingData!F$2:F$1000) -> 6 | D10: =SUMIF(MatchScoutingData!$E$2:$E$1000, $A10, MatchScoutingData!G$2:G$1000) -> 3 | E10: =SUMIF(MatchScoutingData!$E$2:$E$1000, $A10, MatchScoutingData!H$2:H$1000) -> 6 | F10: =SUMIF(MatchScoutingData!$E$2:$E$1000, $A10, MatchScoutingData!I$2:I$1000) -> -1 | G10: =SUMIF(MatchScoutingData!$E$2:$E$1000, $A10, MatchScoutingData!J$2:J$1000) -> 37 | H10: =SUMIF(MatchScoutingData!$E$2:$E$1000, $A10, MatchScoutingData!K$2:K$1000) -> 18 | I10: =SUMIF(MatchScoutingData!$E$2:$E$1000, $A10, MatchScoutingData!L$2:L$1000) -> 16 | J10: =SUMIF(MatchScoutingData!$E$2:$E$1000, $A10, MatchScoutingData!M$2:M$1000) -> 21 | ... U10: =SUMIF(MatchScoutingData!$E$2:$E$1000, $A10, MatchScoutingData!X$2:X$1000) -> 1 | V10: =SUMIF(MatchScoutingData!$E$2:$E$1000, $A10, MatchScoutingData!AB$2:AB$1000) -> 1495 | W10: =SUMIF(MatchScoutingData!$E$2:$E$1000, $A10, MatchScoutingData!Y$2:Y$1000) -> 5 | X10: =SUMIF(MatchScoutingData!$E$2:$E$1000, $A10, MatchScoutingData!Z$2:Z$1000) -> 6 | Y10: =SUMIF(MatchScoutingData!$E$2:$E$1000, $A10, MatchScoutingData!AA$2:AA$1000) -> 6 | Z10: =SUM(W10:Y10) -> 17
A11: 378 | B11: =COUNTIF(MatchScoutingData!E$2:E$1000, $A11) -> 9 | C11: =SUMIF(MatchScoutingData!$E$2:$E$1000, $A11, MatchScoutingData!F$2:F$1000) -> 3 | D11: =SUMIF(MatchScoutingData!$E$2:$E$1000, $A11, MatchScoutingData!G$2:G$1000) -> 6 | E11: =SUMIF(MatchScoutingData!$E$2:$E$1000, $A11, MatchScoutingData!H$2:H$1000) -> 4 | F11: =SUMIF(MatchScoutingData!$E$2:$E$1000, $A11, MatchScoutingData!I$2:I$1000) -> 1 | G11: =SUMIF(MatchScoutingData!$E$2:$E$1000, $A11, MatchScoutingData!J$2:J$1000) -> 25 | H11: =SUMIF(MatchScoutingData!$E$2:$E$1000, $A11, MatchScoutingData!K$2:K$1000) -> 19 | I11: =SUMIF(MatchScoutingData!$E$2:$E$1000, $A11, MatchScoutingData!L$2:L$1000) -> 13 | J11: =SUMIF(MatchScoutingData!$E$2:$E$1000, $A11, MatchScoutingData!M$2:M$1000) -> 28 | ... U11: =SUMIF(MatchScoutingData!$E$2:$E$1000, $A11, MatchScoutingData!X$2:X$1000) -> 3 | V11: =SUMIF(MatchScoutingData!$E$2:$E$1000, $A11, MatchScoutingData!AB$2:AB$1000) -> 1067 | W11: =SUMIF(MatchScoutingData!$E$2:$E$1000, $A11, MatchScoutingData!Y$2:Y$1000) -> 7 | X11: =SUMIF(MatchScoutingData!$E$2:$E$1000, $A11, MatchScoutingData!Z$2:Z$1000) -> 3 | Y11: =SUMIF(MatchScoutingData!$E$2:$E$1000, $A11, MatchScoutingData!AA$2:AA$1000) -> 5 | Z11: =SUM(W11:Y11) -> 15
A12: 424 | B12: =COUNTIF(MatchScoutingData!E$2:E$1000, $A12) -> 9 | C12: =SUMIF(MatchScoutingData!$E$2:$E$1000, $A12, MatchScoutingData!F$2:F$1000) -> 3 | D12: =SUMIF(MatchScoutingData!$E$2:$E$1000, $A12, MatchScoutingData!G$2:G$1000) -> 5 | E12: =SUMIF(MatchScoutingData!$E$2:$E$1000, $A12, MatchScoutingData!H$2:H$1000) -> 4 | F12: =SUMIF(MatchScoutingData!$E$2:$E$1000, $A12, MatchScoutingData!I$2:I$1000) -> 1 | G12: =SUMIF(MatchScoutingData!$E$2:$E$1000, $A12, MatchScoutingData!J$2:J$1000) -> 28 | H12: =SUMIF(MatchScoutingData!$E$2:$E$1000, $A12, MatchScoutingData!K$2:K$1000) -> 17 | I12: =SUMIF(MatchScoutingData!$E$2:$E$1000, $A12, MatchScoutingData!L$2:L$1000) -> 17 | J12: =SUMIF(MatchScoutingData!$E$2:$E$1000, $A12, MatchScoutingData!M$2:M$1000) -> 26 | ... U12: =SUMIF(MatchScoutingData!$E$2:$E$1000, $A12, MatchScoutingData!X$2:X$1000) -> 3 | V12: =SUMIF(MatchScoutingData!$E$2:$E$1000, $A12, MatchScoutingData!AB$2:AB$1000) -> 1466 | W12: =SUMIF(MatchScoutingData!$E$2:$E$1000, $A12, MatchScoutingData!Y$2:Y$1000) -> 6 | X12: =SUMIF(MatchScoutingData!$E$2:$E$1000, $A12, MatchScoutingData!Z$2:Z$1000) -> 5 | Y12: =SUMIF(MatchScoutingData!$E$2:$E$1000, $A12, MatchScoutingData!AA$2:AA$1000) -> 4 | Z12: =SUM(W12:Y12) -> 15
A13: 432 | B13: =COUNTIF(MatchScoutingData!E$2:E$1000, $A13) -> 9 | C13: =SUMIF(MatchScoutingData!$E$2:$E$1000, $A13, MatchScoutingData!F$2:F$1000) -> 3 | D13: =SUMIF(MatchScoutingData!$E$2:$E$1000, $A13, MatchScoutingData!G$2:G$1000) -> 6 | E13: =SUMIF(MatchScoutingData!$E$2:$E$1000, $A13, MatchScoutingData!H$2:H$1000) -> 4 | F13: =SUMIF(MatchScoutingData!$E$2:$E$1000, $A13, MatchScoutingData!I$2:I$1000) -> 2 | G13: =SUMIF(MatchScoutingData!$E$2:$E$1000, $A13, MatchScoutingData!J$2:J$1000) -> 26 | H13: =SUMIF(MatchScoutingData!$E$2:$E$1000, $A13, MatchScoutingData!K$2:K$1000) -> 16 | I13: =SUMIF(MatchScoutingData!$E$2:$E$1000, $A13, MatchScoutingData!L$2:L$1000) -> 18 | J13: =SUMIF(MatchScoutingData!$E$2:$E$1000, $A13, MatchScoutingData!M$2:M$1000) -> 25 | ... U13: =SUMIF(MatchScoutingData!$E$2:$E$1000, $A13, MatchScoutingData!X$2:X$1000) -> -3 | V13: =SUMIF(MatchScoutingData!$E$2:$E$1000, $A13, MatchScoutingData!AB$2:AB$1000) -> 1019 | W13: =SUMIF(MatchScoutingData!$E$2:$E$1000, $A13, MatchScoutingData!Y$2:Y$1000) -> 3 | X13: =SUMIF(MatchScoutingData!$E$2:$E$1000, $A13, MatchScoutingData!Z$2:Z$1000) -> 6 | Y13: =SUMIF(MatchScoutingData!$E$2:$E$1000, $A13, MatchScoutingData!AA$2:AA$1000) -> 4 | Z13: =SUM(W13:Y13) -> 13
A14: 564 | B14: =COUNTIF(MatchScoutingData!E$2:E$1000, $A14) -> 9 | C14: =SUMIF(MatchScoutingData!$E$2:$E$1000, $A14, MatchScoutingData!F$2:F$1000) -> 3 | D14: =SUMIF(MatchScoutingData!$E$2:$E$1000, $A14, MatchScoutingData!G$2:G$1000) -> 4 | E14: =SUMIF(MatchScoutingData!$E$2:$E$1000, $A14, MatchScoutingData!H$2:H$1000) -> 5 | F14: =SUMIF(MatchScoutingData!$E$2:$E$1000, $A14, MatchScoutingData!I$2:I$1000) -> 0 | G14: =SUMIF(MatchScoutingData!$E$2:$E$1000, $A14, MatchScoutingData!J$2:J$1000) -> 34 | H14: =SUMIF(MatchScoutingData!$E$2:$E$1000, $A14, MatchScoutingData!K$2:K$1000) -> 18 | I14: =SUMIF(MatchScoutingData!$E$2:$E$1000, $A14, MatchScoutingData!L$2:L$1000) -> 22 | J14: =SUMIF(MatchScoutingData!$E$2:$E$1000, $A14, MatchScoutingData!M$2:M$1000) -> 22 | ... U14: =SUMIF(MatchScoutingData!$E$2:$E$1000, $A14, MatchScoutingData!X$2:X$1000) -> -6 | V14: =SUMIF(MatchScoutingData!$E$2:$E$1000, $A14, MatchScoutingData!AB$2:AB$1000) -> 1818 | W14: =SUMIF(MatchScoutingData!$E$2:$E$1000, $A14, MatchScoutingData!Y$2:Y$1000) -> 6 | X14: =SUMIF(MatchScoutingData!$E$2:$E$1000, $A14, MatchScoutingData!Z$2:Z$1000) -> 8 | Y14: =SUMIF(MatchScoutingData!$E$2:$E$1000, $A14, MatchScoutingData!AA$2:AA$1000) -> 4 | Z14: =SUM(W14:Y14) -> 18
... A57: 10922 | B57: =COUNTIF(MatchScoutingData!E$2:E$1000, $A57) -> 9 | C57: =SUMIF(MatchScoutingData!$E$2:$E$1000, $A57, MatchScoutingData!F$2:F$1000) -> 6 | D57: =SUMIF(MatchScoutingData!$E$2:$E$1000, $A57, MatchScoutingData!G$2:G$1000) -> 3 | E57: =SUMIF(MatchScoutingData!$E$2:$E$1000, $A57, MatchScoutingData!H$2:H$1000) -> 3 | F57: =SUMIF(MatchScoutingData!$E$2:$E$1000, $A57, MatchScoutingData!I$2:I$1000) -> 0 | G57: =SUMIF(MatchScoutingData!$E$2:$E$1000, $A57, MatchScoutingData!J$2:J$1000) -> 27 | H57: =SUMIF(MatchScoutingData!$E$2:$E$1000, $A57, MatchScoutingData!K$2:K$1000) -> 19 | I57: =SUMIF(MatchScoutingData!$E$2:$E$1000, $A57, MatchScoutingData!L$2:L$1000) -> 15 | J57: =SUMIF(MatchScoutingData!$E$2:$E$1000, $A57, MatchScoutingData!M$2:M$1000) -> 25 | ... U57: =SUMIF(MatchScoutingData!$E$2:$E$1000, $A57, MatchScoutingData!X$2:X$1000) -> -3 | V57: =SUMIF(MatchScoutingData!$E$2:$E$1000, $A57, MatchScoutingData!AB$2:AB$1000) -> 1150 | W57: =SUMIF(MatchScoutingData!$E$2:$E$1000, $A57, MatchScoutingData!Y$2:Y$1000) -> 3 | X57: =SUMIF(MatchScoutingData!$E$2:$E$1000, $A57, MatchScoutingData!Z$2:Z$1000) -> 6 | Y57: =SUMIF(MatchScoutingData!$E$2:$E$1000, $A57, MatchScoutingData!AA$2:AA$1000) -> 5 | Z57: =SUM(W57:Y57) -> 14

Sheet Team Summary
C1: Auto | H1: Teleop | P1: Endgame | U1: Post Match | AA1: Overall
A2: Team | B2: Matches Scouted | C2: Climbed | D2: Level 1 | E2: Moved | F2: A-Stop | G2: Fuel Scored | H2: Shoot Speed | I2: Accuracy | J2: Fuel Collected | K2: Collect Inactive | L2: Did Pass | M2: Collect Alliance Zone | N2: Collect Neutral Zone | O2: Was Intake Good | P2: Climb Success | Q2: Defense Whole Game | R2: Shot from Same Position | S2: Shoot to End | T2: Performance | U2: Match Results | V2: Total Points | W2: Energized Ranking | X2: Supercharged Ranking | Y2: Traversal Ranking | Z2: Total Ranking Points | AA2: Auto | AB2: Teleop | AC2: Endgame | AD2: Post Match | AE2: Complete
A3: 20 | B3: =COUNTIF(MatchScoutingData!E$2:E$1000, $A3) -> 10 | C3: =PERCENTRANK('Team Scores'!$C$3:$C$1000, 'Team Scores'!$C3, 3) -> 0.037 | D3: =PERCENTRANK('Team Scores'!$D$3:$D$1000, 'Team Scores'!$D3, 3) -> 0 | E3: =PERCENTRANK('Team Scores'!$E$3:$E$1000, 'Team Scores'!$E3, 3) -> 0.981 | F3: =PERCENTRANK('Team Scores'!$F$3:$F$1000, 'Team Scores'!$F3, 3) -> 0.5 | G3: =PERCENTRANK('Team Scores'!$G$3:$G$1000, 'Team Scores'!$G3, 3) -> 0.962 | H3: =PERCENTRANK('Team Scores'!$H$3:$H$1000, 'Team Scores'!$H3, 3) -> 0.722 | I3: =PERCENTRANK('Team Scores'!$I$3:$I$1000, 'Team Scores'!$I3, 3) -> 0.462 | J3: =PERCENTRANK('Team Scores'!$J$3:$J$1000, 'Team Scores'!$J3, 3) -> 0.814 | K3: =PERCENTRANK('Team Scores'!$K$3:$K$1000, 'Team Scores'!$K3, 3) -> 1 | L3: =PERCENTRANK('Team Scores'!$L$3:$L$1000, 'Team Scores'!$L3, 3) -> 0.425 | M3: =PERCENTRANK('Team Scores'!$M$3:$M$1000, 'Team Scores'!$M3, 3) -> 0.796 | N3: =PERCENTRANK('Team Scores'!$N$3:$N$1000, 'Team Scores'!$N3, 3) -> 1 | O3: =PERCENTRANK('Team Scores'!$O$3:$O$1000, 'Team Scores'!$O3, 3) -> 0.796 | P3: =PERCENTRANK('Team Scores'!$P$3:$P$1000, 'Team Scores'!$P3, 3) -> 0.111 | Q3: =PERCENTRANK('Team Scores'!$Q$3:$Q$1000, 'Team Scores'!$Q3, 3) -> 0.277 | R3: =PERCENTRANK('Team Scores'!$R$3:$R$1000, 'Team Scores'!$R3, 3) -> 1 | S3: =PERCENTRANK('Team Scores'!$S$3:$S$1000, 'Team Scores'!$S3, 3) -> 0.314 | T3: =PERCENTRANK('Team Scores'!$T$3:$T$1000, 'Team Scores'!$T3, 3) -> 0.814 | U3: =PERCENTRANK('Team Scores'!$U$3:$U$1000, 'Team Scores'!$U3, 3) -> 0.277 | V3: =PERCENTRANK('Team Scores'!$V$3:$V$1000, 'Team Scores'!$V3, 3) -> 0.981 | W3: =PERCENTRANK('Team Scores'!$W$3:$W$1000, 'Team Scores'!$W3, 3) -> 0.888 | X3: =PERCENTRANK('Team Scores'!$X$3:$X$1000, 'Team Scores'!$X3, 3) -> 0.129 | Y3: =PERCENTRANK('Team Scores'!$Y$3:$Y$1000, 'Team Scores'!$Y3, 3) -> 0.944 | Z3: =PERCENTRANK('Team Scores'!$Z$3:$Z$1000, 'Team Scores'!$Z3, 3) -> 0.888 | AA3: =AVERAGE(C3:G3) -> 0.496 | AB3: =AVERAGE(H3:O3) -> 0.751875 | AC3: =AVERAGE(P3:T3) -> 0.5032 | AD3: =AVERAGE(U3:X3) -> 0.56875 | AE3: =AVERAGE(AA3:AD3) -> 0.57995625
A4: 48 | B4: =COUNTIF(MatchScoutingData!E$2:E$1000, $A4) -> 9 | C4: =PERCENTRANK('Team Scores'!$C$3:$C$1000, 'Team Scores'!$C4, 3) -> 0.037 | D4: =PERCENTRANK('Team Scores'!$D$3:$D$1000, 'Team Scores'!$D4, 3) -> 0.518 | E4: =PERCENTRANK('Team Scores'!$E$3:$E$1000, 'Team Scores'!$E4, 3) -> 0.925 | F4: =PERCENTRANK('Team Scores'!$F$3:$F$1000, 'Team Scores'!$F4, 3) -> 0.5 | G4: =PERCENTRANK('Team Scores'!$G$3:$G$1000, 'Team Scores'!$G4, 3) -> 0.814 | H4: =PERCENTRANK('Team Scores'!$H$3:$H$1000, 'Team Scores'!$H4, 3) -> 0.259 | I4: =PERCENTRANK('Team Scores'!$I$3:$I$1000, 'Team Scores'!$I4, 3) -> 0.666 | J4: =PERCENTRANK('Team Scores'!$J$3:$J$1000, 'Team Scores'!$J4, 3) -> 0.518 | K4: =PERCENTRANK('Team Scores'!$K$3:$K$1000, 'Team Scores'!$K4, 3) -> 0.314 | L4: =PERCENTRANK('Team Scores'!$L$3:$L$1000, 'Team Scores'!$L4, 3) -> 0.222 | M4: =PERCENTRANK('Team Scores'!$M$3:$M$1000, 'Team Scores'!$M4, 3) -> 0.314 | N4: =PERCENTRANK('Team Scores'!$N$3:$N$1000, 'Team Scores'!$N4, 3) -> 0.518 | O4: =PERCENTRANK('Team Scores'!$O$3:$O$1000, 'Team Scores'!$O4, 3) -> 0.87 | P4: =PERCENTRANK('Team Scores'!$P$3:$P$1000, 'Team Scores'!$P4, 3) -> 0.111 | Q4: =PERCENTRANK('Team Scores'!$Q$3:$Q$1000, 'Team Scores'!$Q4, 3) -> 0.537 | R4: =PERCENTRANK('Team Scores'!$R$3:$R$1000, 'Team Scores'!$R4, 3) -> 0 | S4: =PERCENTRANK('Team Scores'!$S$3:$S$1000, 'Team Scores'!$S4, 3) -> 0.722 | T4: =PERCENTRANK('Team Scores'!$T$3:$T$1000, 'Team Scores'!$T4, 3) -> 0.092 | U4: =PERCENTRANK('Team Scores'!$U$3:$U$1000, 'Team Scores'!$U4, 3) -> 0.537 | V4: =PERCENTRANK('Team Scores'!$V$3:$V$1000, 'Team Scores'!$V4, 3) -> 0.148 | W4: =PERCENTRANK('Team Scores'!$W$3:$W$1000, 'Team Scores'!$W4, 3) -> 0.722 | X4: =PERCENTRANK('Team Scores'!$X$3:$X$1000, 'Team Scores'!$X4, 3) -> 0.462 | Y4: =PERCENTRANK('Team Scores'!$Y$3:$Y$1000, 'Team Scores'!$Y4, 3) -> 0.518 | Z4: =PERCENTRANK('Team Scores'!$Z$3:$Z$1000, 'Team Scores'!$Z4, 3) -> 0.685 | AA4: =AVERAGE(C4:G4) -> 0.5588 | AB4: =AVERAGE(H4:O4) -> 0.460125 | AC4: =AVERAGE(P4:T4) -> 0.2924 | AD4: =AVERAGE(U4:X4) -> 0.46725 | AE4: =AVERAGE(AA4:AD4) -> 0.44464375
A5: 144 | B5: =COUNTIF(MatchScoutingData!E$2:E$1000, $A5) -> 9 | C5: =PERCENTRANK('Team Scores'!$C$3:$C$1000, 'Team Scores'!$C5, 3) -> 0.962 | D5: =PERCENTRANK('Team Scores'!$D$3:$D$1000, 'Team Scores'!$D5, 3) -> 0.518 | E5: =PERCENTRANK('Team Scores'!$E$3:$E$1000, 'Team Scores'!$E5, 3) -> 0.314 | F5: =PERCENTRANK('Team Scores'!$F$3:$F$1000, 'Team Scores'!$F5, 3) -> 0.259 | G5: =PERCENTRANK('Team Scores'!$G$3:$G$1000, 'Team Scores'!$G5, 3) -> 0.055 | H5: =PERCENTRANK('Team Scores'!$H$3:$H$1000, 'Team Scores'!$H5, 3) -> 0.259 | I5: =PERCENTRANK('Team Scores'!$I$3:$I$1000, 'Team Scores'!$I5, 3) -> 0.333 | J5: =PERCENTRANK('Team Scores'!$J$3:$J$1000, 'Team Scores'!$J5, 3) -> 0.277 | K5: =PERCENTRANK('Team Scores'!$K$3:$K$1000, 'Team Scores'!$K5, 3) -> 0.129 | L5: =PERCENTRANK('Team Scores'!$L$3:$L$1000, 'Team Scores'!$L5, 3) -> 0.055 | M5: =PERCENTRANK('Team Scores'!$M$3:$M$1000, 'Team Scores'!$M5, 3) -> 0.314 | N5: =PERCENTRANK('Team Scores'!$N$3:$N$1000, 'Team Scores'!$N5, 3) -> 0.518 | O5: =PERCENTRANK('Team Scores'!$O$3:$O$1000, 'Team Scores'!$O5, 3) -> 0.87 | P5: =PERCENTRANK('Team Scores'!$P$3:$P$1000, 'Team Scores'!$P5, 3) -> 0.055 | Q5: =PERCENTRANK('Team Scores'!$Q$3:$Q$1000, 'Team Scores'!$Q5, 3) -> 0.537 | R5: =PERCENTRANK('Team Scores'!$R$3:$R$1000, 'Team Scores'!$R5, 3) -> 0.851 | S5: =PERCENTRANK('Team Scores'!$S$3:$S$1000, 'Team Scores'!$S5, 3) -> 0.111 | T5: =PERCENTRANK('Team Scores'!$T$3:$T$1000, 'Team Scores'!$T5, 3) -> 0.925 | U5: =PERCENTRANK('Team Scores'!$U$3:$U$1000, 'Team Scores'!$U5, 3) -> 0.777 | V5: =PERCENTRANK('Team Scores'!$V$3:$V$1000, 'Team Scores'!$V5, 3) -> 0.296 | W5: =PERCENTRANK('Team Scores'!$W$3:$W$1000, 'Team Scores'!$W5, 3) -> 0.277 | X5: =PERCENTRANK('Team Scores'!$X$3:$X$1000, 'Team Scores'!$X5, 3) -> 0.703 | Y5: =PERCENTRANK('Team Scores'!$Y$3:$Y$1000, 'Team Scores'!$Y5, 3) -> 0.037 | Z5: =PERCENTRANK('Team Scores'!$Z$3:$Z$1000, 'Team Scores'!$Z5, 3) -> 0.37 | AA5: =AVERAGE(C5:G5) -> 0.4216 | AB5: =AVERAGE(H5:O5) -> 0.344375 | AC5: =AVERAGE(P5:T5) -> 0.4958 | AD5: =AVERAGE(U5:X5) -> 0.51325 | AE5: =AVERAGE(AA5:AD5) -> 0.44375625
A6: 191 | B6: =COUNTIF(MatchScoutingData!E$2:E$1000, $A6) -> 9 | C6: =PERCENTRANK('Team Scores'!$C$3:$C$1000, 'Team Scores'!$C6, 3) -> 0.388 | D6: =PERCENTRANK('Team Scores'!$D$3:$D$1000, 'Team Scores'!$D6, 3) -> 0.759 | E6: =PERCENTRANK('Team Scores'!$E$3:$E$1000, 'Team Scores'!$E6, 3) -> 0.814 | F6: =PERCENTRANK('Team Scores'!$F$3:$F$1000, 'Team Scores'!$F6, 3) -> 0.259 | G6: =PERCENTRANK('Team Scores'!$G$3:$G$1000, 'Team Scores'!$G6, 3) -> 0.055 | H6: =PERCENTRANK('Team Scores'!$H$3:$H$1000, 'Team Scores'!$H6, 3) -> 0.5 | I6: =PERCENTRANK('Team Scores'!$I$3:$I$1000, 'Team Scores'!$I6, 3) -> 0.777 | J6: =PERCENTRANK('Team Scores'!$J$3:$J$1000, 'Team Scores'!$J6, 3) -> 0.814 | K6: =PERCENTRANK('Team Scores'!$K$3:$K$1000, 'Team Scores'!$K6, 3) -> 0.314 | L6: =PERCENTRANK('Team Scores'!$L$3:$L$1000, 'Team Scores'!$L6, 3) -> 0.222 | M6: =PERCENTRANK('Team Scores'!$M$3:$M$1000, 'Team Scores'!$M6, 3) -> 0.314 | N6: =PERCENTRANK('Team Scores'!$N$3:$N$1000, 'Team Scores'!$N6, 3) -> 0.055 | O6: =PERCENTRANK('Team Scores'!$O$3:$O$1000, 'Team Scores'!$O6, 3) -> 0.537 | P6: =PERCENTRANK('Team Scores'!$P$3:$P$1000, 'Team Scores'!$P6, 3) -> 0.462 | Q6: =PERCENTRANK('Team Scores'!$Q$3:$Q$1000, 'Team Scores'!$Q6, 3) -> 0.74 | R6: =PERCENTRANK('Team Scores'!$R$3:$R$1000, 'Team Scores'!$R6, 3) -> 0.222 | S6: =PERCENTRANK('Team Scores'!$S$3:$S$1000, 'Team Scores'!$S6, 3) -> 0.111 | T6: =PERCENTRANK('Team Scores'!$T$3:$T$1000, 'Team Scores'!$T6, 3) -> 0.166 | U6: =PERCENTRANK('Team Scores'!$U$3:$U$1000, 'Team Scores'!$U6, 3) -> 0.37 | V6: =PERCENTRANK('Team Scores'!$V$3:$V$1000, 'Team Scores'!$V6, 3) -> 0.24 | W6: =PERCENTRANK('Team Scores'!$W$3:$W$1000, 'Team Scores'!$W6, 3) -> 0.092 | X6: =PERCENTRANK('Team Scores'!$X$3:$X$1000, 'Team Scores'!$X6, 3) -> 0.462 | Y6: =PERCENTRANK('Team Scores'!$Y$3:$Y$1000, 'Team Scores'!$Y6, 3) -> 0.944 | Z6: =PERCENTRANK('Team Scores'!$Z$3:$Z$1000, 'Team Scores'!$Z6, 3) -> 0.685 | AA6: =AVERAGE(C6:G6) -> 0.455 | AB6: =AVERAGE(H6:O6) -> 0.441625 | AC6: =AVERAGE(P6:T6) -> 0.3402 | AD6: =AVERAGE(U6:X6) -> 0.291 | AE6: =AVERAGE(AA6:AD6) -> 0.38195625
A7: 271 | B7: =COUNTIF(MatchScoutingData!E$2:E$1000, $A7) -> 9 | C7: =PERCENTRANK('Team Scores'!$C$3:$C$1000, 'Team Scores'!$C7, 3) -> 0.037 | D7: =PERCENTRANK('Team Scores'!$D$3:$D$1000, 'Team Scores'!$D7, 3) -> 0.074 | E7: =PERCENTRANK('Team Scores'!$E$3:$E$1000, 'Team Scores'!$E7, 3) -> 0 | F7: =PERCENTRANK('Team Scores'!$F$3:$F$1000, 'Team Scores'!$F7, 3) -> 0.5 | G7: =PERCENTRANK('Team Scores'!$G$3:$G$1000, 'Team Scores'!$G7, 3) -> 0.592 | H7: =PERCENTRANK('Team Scores'!$H$3:$H$1000, 'Team Scores'!$H7, 3) -> 0.5 | I7: =PERCENTRANK('Team Scores'!$I$3:$I$1000, 'Team Scores'!$I7, 3) -> 0.925 | J7: =PERCENTRANK('Team Scores'!$J$3:$J$1000, 'Team Scores'!$J7, 3) -> 0.037 | K7: =PERCENTRANK('Team Scores'!$K$3:$K$1000, 'Team Scores'!$K7, 3) -> 0.5 | L7: =PERCENTRANK('Team Scores'!$L$3:$L$1000, 'Team Scores'!$L7, 3) -> 0.425 | M7: =PERCENTRANK('Team Scores'!$M$3:$M$1000, 'Team Scores'!$M7, 3) -> 0.166 | N7: =PERCENTRANK('Team Scores'!$N$3:$N$1000, 'Team Scores'!$N7, 3) -> 0.24 | O7: =PERCENTRANK('Team Scores'!$O$3:$O$1000, 'Team Scores'!$O7, 3) -> 0.259 | P7: =PERCENTRANK('Team Scores'!$P$3:$P$1000, 'Team Scores'!$P7, 3) -> 0.37 | Q7: =PERCENTRANK('Team Scores'!$Q$3:$Q$1000, 'Team Scores'!$Q7, 3) -> 0.74 | R7: =PERCENTRANK('Team Scores'!$R$3:$R$1000, 'Team Scores'!$R7, 3) -> 0.5 | S7: =PERCENTRANK('Team Scores'!$S$3:$S$1000, 'Team Scores'!$S7, 3) -> 0.944 | T7: =PERCENTRANK('Team Scores'!$T$3:$T$1000, 'Team Scores'!$T7, 3) -> 0.814 | U7: =PERCENTRANK('Team Scores'!$U$3:$U$1000, 'Team Scores'!$U7, 3) -> 0.777 | V7: =PERCENTRANK('Team Scores'!$V$3:$V$1000, 'Team Scores'!$V7, 3) -> 0.259 | W7: =PERCENTRANK('Team Scores'!$W$3:$W$1000, 'Team Scores'!$W7, 3) -> 0.888 | X7: =PERCENTRANK('Team Scores'!$X$3:$X$1000, 'Team Scores'!$X7, 3) -> 0.462 | Y7: =PERCENTRANK('Team Scores'!$Y$3:$Y$1000, 'Team Scores'!$Y7, 3) -> 0.037 | Z7: =PERCENTRANK('Team Scores'!$Z$3:$Z$1000, 'Team Scores'!$Z7, 3) -> 0.537 | AA7: =AVERAGE(C7:G7) -> 0.2406 | AB7: =AVERAGE(H7:O7) -> 0.3815 | AC7: =AVERAGE(P7:T7) -> 0.6736 | AD7: =AVERAGE(U7:X7) -> 0.5965 | AE7: =AVERAGE(AA7:AD7) -> 0.47305
A8: 325 | B8: =COUNTIF(MatchScoutingData!E$2:E$1000, $A8) -> 9 | C8: =PERCENTRANK('Team Scores'!$C$3:$C$1000, 'Team Scores'!$C8, 3) -> 0.388 | D8: =PERCENTRANK('Team Scores'!$D$3:$D$1000, 'Team Scores'!$D8, 3) -> 0.518 | E8: =PERCENTRANK('Team Scores'!$E$3:$E$1000, 'Team Scores'!$E8, 3) -> 0.611 | F8: =PERCENTRANK('Team Scores'!$F$3:$F$1000, 'Team Scores'!$F8, 3) -> 0.833 | G8: =PERCENTRANK('Team Scores'!$G$3:$G$1000, 'Team Scores'!$G8, 3) -> 0.74 | H8: =PERCENTRANK('Team Scores'!$H$3:$H$1000, 'Team Scores'!$H8, 3) -> 0.814 | I8: =PERCENTRANK('Team Scores'!$I$3:$I$1000, 'Team Scores'!$I8, 3) -> 0.777 | J8: =PERCENTRANK('Team Scores'!$J$3:$J$1000, 'Team Scores'!$J8, 3) -> 0.666 | K8: =PERCENTRANK('Team Scores'!$K$3:$K$1000, 'Team Scores'!$K8, 3) -> 0.5 | L8: =PERCENTRANK('Team Scores'!$L$3:$L$1000, 'Team Scores'!$L8, 3) -> 0.055 | M8: =PERCENTRANK('Team Scores'!$M$3:$M$1000, 'Team Scores'!$M8, 3) -> 0.314 | N8: =PERCENTRANK('Team Scores'!$N$3:$N$1000, 'Team Scores'!$N8, 3) -> 0.24 | O8: =PERCENTRANK('Team Scores'!$O$3:$O$1000, 'Team Scores'!$O8, 3) -> 0.055 | P8: =PERCENTRANK('Team Scores'!$P$3:$P$1000, 'Team Scores'!$P8, 3) -> 0.277 | Q8: =PERCENTRANK('Team Scores'!$Q$3:$Q$1000, 'Team Scores'!$Q8, 3) -> 0.537 | R8: =PERCENTRANK('Team Scores'!$R$3:$R$1000, 'Team Scores'!$R8, 3) -> 0.5 | S8: =PERCENTRANK('Team Scores'!$S$3:$S$1000, 'Team Scores'!$S8, 3) -> 0.944 | T8: =PERCENTRANK('Team Scores'!$T$3:$T$1000, 'Team Scores'!$T8, 3) -> 0.259 | U8: =PERCENTRANK('Team Scores'!$U$3:$U$1000, 'Team Scores'!$U8, 3) -> 0.888 | V8: =PERCENTRANK('Team Scores'!$V$3:$V$1000, 'Team Scores'!$V8, 3) -> 0.37 | W8: =PERCENTRANK('Team Scores'!$W$3:$W$1000, 'Team Scores'!$W8, 3) -> 0.888 | X8: =PERCENTRANK('Team Scores'!$X$3:$X$1000, 'Team Scores'!$X8, 3) -> 0.055 | Y8: =PERCENTRANK('Team Scores'!$Y$3:$Y$1000, 'Team Scores'!$Y8, 3) -> 0.722 | Z8: =PERCENTRANK('Team Scores'!$Z$3:$Z$1000, 'Team Scores'!$Z8, 3) -> 0.537 | AA8: =AVERAGE(C8:G8) -> 0.618 | AB8: =AVERAGE(H8:O8) -> 0.427625 | AC8: =AVERAGE(P8:T8) -> 0.5034 | AD8: =AVERAGE(U8:X8) -> 0.55025 | AE8: =AVERAGE(AA8:AD8) -> 0.52481875
A9: 340 | B9: =COUNTIF(MatchScoutingData!E$2:E$1000, $A9) -> 9 | C9: =PERCENTRANK('Team Scores'!$C$3:$C$1000, 'Team Scores'!$C9, 3) -> 0.037 | D9: =PERCENTRANK('Team Scores'!$D$3:$D$1000, 'Team Scores'!$D9, 3) -> 0.518 | E9: =PERCENTRANK('Team Scores'!$E$3:$E$1000, 'Team Scores'!$E9, 3) -> 0.129 | F9: =PERCENTRANK('Team Scores'!$F$3:$F$1000, 'Team Scores'!$F9, 3) -> 0.833 | G9: =PERCENTRANK('Team Scores'!$G$3:$G$1000, 'Team Scores'!$G9, 3) -> 0.592 | H9: =PERCENTRANK('Team Scores'!$H$3:$H$1000, 'Team Scores'!$H9, 3) -> 0.5 | I9: =PERCENTRANK('Team Scores'!$I$3:$I$1000, 'Team Scores'!$I9, 3) -> 0 | J9: =PERCENTRANK('Team Scores'!$J$3:$J$1000, 'Team Scores'!$J9, 3) -> 0.129 | K9: =PERCENTRANK('Team Scores'!$K$3:$K$1000, 'Team Scores'!$K9, 3) -> 0.129 | L9: =PERCENTRANK('Team Scores'!$L$3:$L$1000, 'Team Scores'!$L9, 3) -> 0.055 | M9: =PERCENTRANK('Team Scores'!$M$3:$M$1000, 'Team Scores'!$M9, 3) -> 0.018 | N9: =PERCENTRANK('Team Scores'!$N$3:$N$1000, 'Team Scores'!$N9, 3) -> 0.944 | O9: =PERCENTRANK('Team Scores'!$O$3:$O$1000, 'Team Scores'!$O9, 3) -> 0.259 | P9: =PERCENTRANK('Team Scores'!$P$3:$P$1000, 'Team Scores'!$P9, 3) -> 0.37 | Q9: =PERCENTRANK('Team Scores'!$Q$3:$Q$1000, 'Team Scores'!$Q9, 3) -> 0.925 | R9: =PERCENTRANK('Team Scores'!$R$3:$R$1000, 'Team Scores'!$R9, 3) -> 0.222 | S9: =PERCENTRANK('Team Scores'!$S$3:$S$1000, 'Team Scores'!$S9, 3) -> 0.722 | T9: =PERCENTRANK('Team Scores'!$T$3:$T$1000, 'Team Scores'!$T9, 3) -> 0.814 | U9: =PERCENTRANK('Team Scores'!$U$3:$U$1000, 'Team Scores'!$U9, 3) -> 0.37 | V9: =PERCENTRANK('Team Scores'!$V$3:$V$1000, 'Team Scores'!$V9, 3) -> 0.611 | W9: =PERCENTRANK('Team Scores'!$W$3:$W$1000, 'Team Scores'!$W9, 3) -> 0.277 | X9: =PERCENTRANK('Team Scores'!$X$3:$X$1000, 'Team Scores'!$X9, 3) -> 0.129 | Y9: =PERCENTRANK('Team Scores'!$Y$3:$Y$1000, 'Team Scores'!$Y9, 3) -> 0.314 | Z9: =PERCENTRANK('Team Scores'!$Z$3:$Z$1000, 'Team Scores'!$Z9, 3) -> 0.185 | AA9: =AVERAGE(C9:G9) -> 0.4218 | AB9: =AVERAGE(H9:O9) -> 0.25425 | AC9: =AVERAGE(P9:T9) -> 0.6106 | AD9: =AVERAGE(U9:X9) -> 0.34675 | AE9: =AVERAGE(AA9:AD9) -> 0.40835
A10: 353 | B10: =COUNTIF(MatchScoutingData!E$2:E$1000, $A10) -> 9 | C10: =PERCENTRANK('Team Scores'!$C$3:$C$1000, 'Team Scores'!$C10, 3) -> 0.814 | D10: =PERCENTRANK('Team Scores'!$D$3:$D$1000, 'Team Scores'!$D10, 3) -> 0.074 | E10: =PERCENTRANK('Team Scores'!$E$3:$E$1000, 'Team Scores'!$E10, 3) -> 0.814 | F10: =PERCENTRANK('Team Scores'!$F$3:$F$1000, 'Team Scores'!$F10, 3) -> 0.259 | G10: =PERCENTRANK('Team Scores'!$G$3:$G$1000, 'Team Scores'!$G10, 3) -> 0.962 | H10: =PERCENTRANK('Team Scores'!$H$3:$H$1000, 'Team Scores'!$H10, 3) -> 0.351 | I10: =PERCENTRANK('Team Scores'!$I$3:$I$1000, 'Team Scores'!$I10, 3) -> 0.222 | J10: =PERCENTRANK('Team Scores'!$J$3:$J$1000, 'Team Scores'!$J10, 3) -> 0.092 | K10: =PERCENTRANK('Team Scores'!$K$3:$K$1000, 'Team Scores'!$K10, 3) -> 0.314 | L10: =PERCENTRANK('Team Scores'!$L$3:$L$1000, 'Team Scores'!$L10, 3) -> 0.944 | M10: =PERCENTRANK('Team Scores'!$M$3:$M$1000, 'Team Scores'!$M10, 3) -> 0.314 | N10: =PERCENTRANK('Team Scores'!$N$3:$N$1000, 'Team Scores'!$N10, 3) -> 0.055 | O10: =PERCENTRANK('Team Scores'!$O$3:$O$1000, 'Team Scores'!$O10, 3) -> 0.259 | P10: =PERCENTRANK('Team Scores'!$P$3:$P$1000, 'Team Scores'!$P10, 3) -> 0.87 | Q10: =PERCENTRANK('Team Scores'!$Q$3:$Q$1000, 'Team Scores'!$Q10, 3) -> 0.074 | R10: =PERCENTRANK('Team Scores'!$R$3:$R$1000, 'Team Scores'!$R10, 3) -> 0.5 | S10: =PERCENTRANK('Team Scores'!$S$3:$S$1000, 'Team Scores'!$S10, 3) -> 0.314 | T10: =PERCENTRANK('Team Scores'!$T$3:$T$1000, 'Team Scores'!$T10, 3) -> 0.5 | U10: =PERCENTRANK('Team Scores'!$U$3:$U$1000, 'Team Scores'!$U10, 3) -> 0.537 | V10: =PERCENTRANK('Team Scores'!$V$3:$V$1000, 'Team Scores'!$V10, 3) -> 0.574 | W10: =PERCENTRANK('Team Scores'!$W$3:$W$1000, 'Team Scores'!$W10, 3) -> 0.537 | X10: =PERCENTRANK('Team Scores'!$X$3:$X$1000, 'Team Scores'!$X10, 3) -> 0.703 | Y10: =PERCENTRANK('Team Scores'!$Y$3:$Y$1000, 'Team Scores'!$Y10, 3) -> 0.722 | Z10: =PERCENTRANK('Team Scores'!$Z$3:$Z$1000, 'Team Scores'!$Z10, 3) -> 0.814 | AA10: =AVERAGE(C10:G10) -> 0.5846 | AB10: =AVERAGE(H10:O10) -> 0.318875 | AC10: =AVERAGE(P10:T10) -> 0.4516 | AD10: =AVERAGE(U10:X10) -> 0.58775 | AE10: =AVERAGE(AA10:AD10) -> 0.48570625
A11: 378 | B11: =COUNTIF(MatchScoutingData!E$2:E$1000, $A11) -> 9 | C11: =PERCENTRANK('Team Scores'!$C$3:$C$1000, 'Team Scores'!$C11, 3) -> 0.037 | D11: =PERCENTRANK('Team Scores'!$D$3:$D$1000, 'Team Scores'!$D11, 3) -> 0.759 | E11: =PERCENTRANK('Team Scores'!$E$3:$E$1000, 'Team Scores'!$E11, 3) -> 0.314 | F11: =PERCENTRANK('Team Scores'!$F$3:$F$1000, 'Team Scores'!$F11, 3) -> 0.611 | G11: =PERCENTRANK('Team Scores'!$G$3:$G$1000, 'Team Scores'!$G11, 3) -> 0.333 | H11: =PERCENTRANK('Team Scores'!$H$3:$H$1000, 'Team Scores'!$H11, 3) -> 0.5 | I11: =PERCENTRANK('Team Scores'!$I$3:$I$1000, 'Team Scores'!$I11, 3) -> 0 | J11: =PERCENTRANK('Team Scores'!$J$3:$J$1000, 'Team Scores'!$J11, 3) -> 0.629 | K11: =PERCENTRANK('Team Scores'!$K$3:$K$1000, 'Team Scores'!$K11, 3) -> 0.129 | L11: =PERCENTRANK('Team Scores'!$L$3:$L$1000, 'Team Scores'!$L11, 3) -> 0.222 | M11: =PERCENTRANK('Team Scores'!$M$3:$M$1000, 'Team Scores'!$M11, 3) -> 0.611 | N11: =PERCENTRANK('Team Scores'!$N$3:$N$1000, 'Team Scores'!$N11, 3) -> 0.055 | O11: =PERCENTRANK('Team Scores'!$O$3:$O$1000, 'Team Scores'!$O11, 3) -> 0.055 | P11: =PERCENTRANK('Team Scores'!$P$3:$P$1000, 'Team Scores'!$P11, 3) -> 0.685 | Q11: =PERCENTRANK('Team Scores'!$Q$3:$Q$1000, 'Team Scores'!$Q11, 3) -> 0.277 | R11: =PERCENTRANK('Team Scores'!$R$3:$R$1000, 'Team Scores'!$R11, 3) -> 0.981 | S11: =PERCENTRANK('Team Scores'!$S$3:$S$1000, 'Team Scores'!$S11, 3) -> 0.314 | T11: =PERCENTRANK('Team Scores'!$T$3:$T$1000, 'Team Scores'!$T11, 3) -> 0.74 | U11: =PERCENTRANK('Team Scores'!$U$3:$U$1000, 'Team Scores'!$U11, 3) -> 0.833 | V11: =PERCENTRANK('Team Scores'!$V$3:$V$1000, 'Team Scores'!$V11, 3) -> 0.166 | W11: =PERCENTRANK('Team Scores'!$W$3:$W$1000, 'Team Scores'!$W11, 3) -> 0.888 | X11: =PERCENTRANK('Team Scores'!$X$3:$X$1000, 'Team Scores'!$X11, 3) -> 0.129 | Y11: =PERCENTRANK('Team Scores'!$Y$3:$Y$1000, 'Team Scores'!$Y11, 3) -> 0.518 | Z11: =PERCENTRANK('Team Scores'!$Z$3:$Z$1000, 'Team Scores'!$Z11, 3) -> 0.537 | AA11: =AVERAGE(C11:G11) -> 0.4108 | AB11: =AVERAGE(H11:O11) -> 0.275125 | AC11: =AVERAGE(P11:T11) -> 0.5994 | AD11: =AVERAGE(U11:X11) -> 0.504 | AE11: =AVERAGE(AA11:AD11) -> 0.44733125
A12: 424 | B12: =COUNTIF(MatchScoutingData!E$2:E$1000, $A12) -> 9 | C12: =PERCENTRANK('Team Scores'!$C$3:$C$1000, 'Team Scores'!$C12, 3) -> 0.037 | D12: =PERCENTRANK('Team Scores'!$D$3:$D$1000, 'Team Scores'!$D12, 3) -> 0.518 | E12: =PERCENTRANK('Team Scores'!$E$3:$E$1000, 'Team Scores'!$E12, 3) -> 0.314 | F12: =PERCENTRANK('Team Scores'!$F$3:$F$1000, 'Team Scores'!$F12, 3) -> 0.611 | G12: =PERCENTRANK('Team Scores'!$G$3:$G$1000, 'Team Scores'!$G12, 3) -> 0.592 | H12: =PERCENTRANK('Team Scores'!$H$3:$H$1000, 'Team Scores'!$H12, 3) -> 0.259 | I12: =PERCENTRANK('Team Scores'!$I$3:$I$1000, 'Team Scores'!$I12, 3) -> 0.333 | J12: =PERCENTRANK('Team Scores'!$J$3:$J$1000, 'Team Scores'!$J12, 3) -> 0.425 | K12: =PERCENTRANK('Team Scores'!$K$3:$K$1000, 'Team Scores'!$K12, 3) -> 0.5 | L12: =PERCENTRANK('Team Scores'!$L$3:$L$1000, 'Team Scores'!$L12, 3) -> 0.222 | M12: =PERCENTRANK('Team Scores'!$M$3:$M$1000, 'Team Scores'!$M12, 3) -> 0.314 | N12: =PERCENTRANK('Team Scores'!$N$3:$N$1000, 'Team Scores'!$N12, 3) -> 0.518 | O12: =PERCENTRANK('Team Scores'!$O$3:$O$1000, 'Team Scores'!$O12, 3) -> 0.259 | P12: =PERCENTRANK('Team Scores'!$P$3:$P$1000, 'Team Scores'!$P12, 3) -> 0.111 | Q12: =PERCENTRANK('Team Scores'!$Q$3:$Q$1000, 'Team Scores'!$Q12, 3) -> 0.074 | R12: =PERCENTRANK('Team Scores'!$R$3:$R$1000, 'Team Scores'!$R12, 3) -> 0.037 | S12: =PERCENTRANK('Team Scores'!$S$3:$S$1000, 'Team Scores'!$S12, 3) -> 0.722 | T12: =PERCENTRANK('Team Scores'!$T$3:$T$1000, 'Team Scores'!$T12, 3) -> 0.388 | U12: =PERCENTRANK('Team Scores'!$U$3:$U$1000, 'Team Scores'!$U12, 3) -> 0.833 | V12: =PERCENTRANK('Team Scores'!$V$3:$V$1000, 'Team Scores'!$V12, 3) -> 0.518 | W12: =PERCENTRANK('Team Scores'!$W$3:$W$1000, 'Team Scores'!$W12, 3) -> 0.722 | X12: =PERCENTRANK('Team Scores'!$X$3:$X$1000, 'Team Scores'!$X12, 3) -> 0.462 | Y12: =PERCENTRANK('Team Scores'!$Y$3:$Y$1000, 'Team Scores'!$Y12, 3) -> 0.314 | Z12: =PERCENTRANK('Team Scores'!$Z$3:$Z$1000, 'Team Scores'!$Z12, 3) -> 0.537 | AA12: =AVERAGE(C12:G12) -> 0.4144 | AB12: =AVERAGE(H12:O12) -> 0.35375 | AC12: =AVERAGE(P12:T12) -> 0.2664 | AD12: =AVERAGE(U12:X12) -> 0.63375 | AE12: =AVERAGE(AA12:AD12) -> 0.417075
A13: 432 | B13: =COUNTIF(MatchScoutingData!E$2:E$1000, $A13) -> 9 | C13: =PERCENTRANK('Team Scores'!$C$3:$C$1000, 'Team Scores'!$C13, 3) -> 0.037 | D13: =PERCENTRANK('Team Scores'!$D$3:$D$1000, 'Team Scores'!$D13, 3) -> 0.759 | E13: =PERCENTRANK('Team Scores'!$E$3:$E$1000, 'Team Scores'!$E13, 3) -> 0.314 | F13: =PERCENTRANK('Team Scores'!$F$3:$F$1000, 'Team Scores'!$F13, 3) -> 0.833 | G13: =PERCENTRANK('Team Scores'!$G$3:$G$1000, 'Team Scores'!$G13, 3) -> 0.37 | H13: =PERCENTRANK('Team Scores'!$H$3:$H$1000, 'Team Scores'!$H13, 3) -> 0.148 | I13: =PERCENTRANK('Team Scores'!$I$3:$I$1000, 'Team Scores'!$I13, 3) -> 0.462 | J13: =PERCENTRANK('Team Scores'!$J$3:$J$1000, 'Team Scores'!$J13, 3) -> 0.333 | K13: =PERCENTRANK('Team Scores'!$K$3:$K$1000, 'Team Scores'!$K13, 3) -> 0.314 | L13: =PERCENTRANK('Team Scores'!$L$3:$L$1000, 'Team Scores'!$L13, 3) -> 0.944 | M13: =PERCENTRANK('Team Scores'!$M$3:$M$1000, 'Team Scores'!$M13, 3) -> 0.611 | N13: =PERCENTRANK('Team Scores'!$N$3:$N$1000, 'Team Scores'!$N13, 3) -> 0.74 | O13: =PERCENTRANK('Team Scores'!$O$3:$O$1000, 'Team Scores'!$O13, 3) -> 0.537 | P13: =PERCENTRANK('Team Scores'!$P$3:$P$1000, 'Team Scores'!$P13, 3) -> 0.462 | Q13: =PERCENTRANK('Team Scores'!$Q$3:$Q$1000, 'Team Scores'!$Q13, 3) -> 0.074 | R13: =PERCENTRANK('Team Scores'!$R$3:$R$1000, 'Team Scores'!$R13, 3) -> 0.037 | S13: =PERCENTRANK('Team Scores'!$S$3:$S$1000, 'Team Scores'!$S13, 3) -> 0.518 | T13: =PERCENTRANK('Team Scores'!$T$3:$T$1000, 'Team Scores'!$T13, 3) -> 0.166 | U13: =PERCENTRANK('Team Scores'!$U$3:$U$1000, 'Team Scores'!$U13, 3) -> 0.148 | V13: =PERCENTRANK('Team Scores'!$V$3:$V$1000, 'Team Scores'!$V13, 3) -> 0.092 | W13: =PERCENTRANK('Team Scores'!$W$3:$W$1000, 'Team Scores'!$W13, 3) -> 0.092 | X13: =PERCENTRANK('Team Scores'!$X$3:$X$1000, 'Team Scores'!$X13, 3) -> 0.703 | Y13: =PERCENTRANK('Team Scores'!$Y$3:$Y$1000, 'Team Scores'!$Y13, 3) -> 0.314 | Z13: =PERCENTRANK('Team Scores'!$Z$3:$Z$1000, 'Team Scores'!$Z13, 3) -> 0.37 | AA13: =AVERAGE(C13:G13) -> 0.4626 | AB13: =AVERAGE(H13:O13) -> 0.511125 | AC13: =AVERAGE(P13:T13) -> 0.2514 | AD13: =AVERAGE(U13:X13) -> 0.25875 | AE13: =AVERAGE(AA13:AD13) -> 0.37096875
A14: 564 | B14: =COUNTIF(MatchScoutingData!E$2:E$1000, $A14) -> 9 | C14: =PERCENTRANK('Team Scores'!$C$3:$C$1000, 'Team Scores'!$C14, 3) -> 0.037 | D14: =PERCENTRANK('Team Scores'!$D$3:$D$1000, 'Team Scores'!$D14, 3) -> 0.277 | E14: =PERCENTRANK('Team Scores'!$E$3:$E$1000, 'Team Scores'!$E14, 3) -> 0.611 | F14: =PERCENTRANK('Team Scores'!$F$3:$F$1000, 'Team Scores'!$F14, 3) -> 0.5 | G14: =PERCENTRANK('Team Scores'!$G$3:$G$1000, 'Team Scores'!$G14, 3) -> 0.87 | H14: =PERCENTRANK('Team Scores'!$H$3:$H$1000, 'Team Scores'!$H14, 3) -> 0.351 | I14: =PERCENTRANK('Team Scores'!$I$3:$I$1000, 'Team Scores'!$I14, 3) -> 0.925 | J14: =PERCENTRANK('Team Scores'!$J$3:$J$1000, 'Team Scores'!$J14, 3) -> 0.111 | K14: =PERCENTRANK('Team Scores'!$K$3:$K$1000, 'Team Scores'!$K14, 3) -> 0.74 | L14: =PERCENTRANK('Team Scores'!$L$3:$L$1000, 'Team Scores'!$L14, 3) -> 0.222 | M14: =PERCENTRANK('Team Scores'!$M$3:$M$1000, 'Team Scores'!$M14, 3) -> 0.611 | N14: =PERCENTRANK('Team Scores'!$N$3:$N$1000, 'Team Scores'!$N14, 3) -> 0.24 | O14: =PERCENTRANK('Team Scores'!$O$3:$O$1000, 'Team Scores'!$O14, 3) -> 0.055 | P14: =PERCENTRANK('Team Scores'!$P$3:$P$1000, 'Team Scores'!$P14, 3) -> 0.685 | Q14: =PERCENTRANK('Team Scores'!$Q$3:$Q$1000, 'Team Scores'!$Q14, 3) -> 0.537 | R14: =PERCENTRANK('Team Scores'!$R$3:$R$1000, 'Team Scores'!$R14, 3) -> 0.222 | S14: =PERCENTRANK('Team Scores'!$S$3:$S$1000, 'Team Scores'!$S14, 3) -> 0.111 | T14: =PERCENTRANK('Team Scores'!$T$3:$T$1000, 'Team Scores'!$T14, 3) -> 0.055 | U14: =PERCENTRANK('Team Scores'!$U$3:$U$1000, 'Team Scores'!$U14, 3) -> 0.018 | V14: =PERCENTRANK('Team Scores'!$V$3:$V$1000, 'Team Scores'!$V14, 3) -> 0.944 | W14: =PERCENTRANK('Team Scores'!$W$3:$W$1000, 'Team Scores'!$W14, 3) -> 0.722 | X14: =PERCENTRANK('Team Scores'!$X$3:$X$1000, 'Team Scores'!$X14, 3) -> 0.962 | Y14: =PERCENTRANK('Team Scores'!$Y$3:$Y$1000, 'Team Scores'!$Y14, 3) -> 0.314 | Z14: =PERCENTRANK('Team Scores'!$Z$3:$Z$1000, 'Team Scores'!$Z14, 3) -> 0.888 | AA14: =AVERAGE(C14:G14) -> 0.459 | AB14: =AVERAGE(H14:O14) -> 0.406875 | AC14: =AVERAGE(P14:T14) -> 0.322 | AD14: =AVERAGE(U14:X14) -> 0.6615 | AE14: =AVERAGE(AA14:AD14) -> 0.46234375
... A57: 10922 | B57: =COUNTIF(MatchScoutingData!E$2:E$1000, $A57) -> 9 | C57: =PERCENTRANK('Team Scores'!$C$3:$C$1000, 'Team Scores'!$C57, 3) -> 0.814 | D57: =PERCENTRANK('Team Scores'!$D$3:$D$1000, 'Team Scores'!$D57, 3) -> 0.074 | E57: =PERCENTRANK('Team Scores'!$E$3:$E$1000, 'Team Scores'!$E57, 3) -> 0.129 | F57: =PERCENTRANK('Team Scores'!$F$3:$F$1000, 'Team Scores'!$F57, 3) -> 0.5 | G57: =PERCENTRANK('Team Scores'!$G$3:$G$1000, 'Team Scores'!$G57, 3) -> 0.481 | H57: =PERCENTRANK('Team Scores'!$H$3:$H$1000, 'Team Scores'!$H57, 3) -> 0.5 | I57: =PERCENTRANK('Team Scores'!$I$3:$I$1000, 'Team Scores'!$I57, 3) -> 0.111 | J57: =PERCENTRANK('Team Scores'!$J$3:$J$1000, 'Team Scores'!$J57, 3) -> 0.333 | K57: =PERCENTRANK('Team Scores'!$K$3:$K$1000, 'Team Scores'!$K57, 3) -> 0.037 | L57: =PERCENTRANK('Team Scores'!$L$3:$L$1000, 'Team Scores'!$L57, 3) -> 0.055 | M57: =PERCENTRANK('Team Scores'!$M$3:$M$1000, 'Team Scores'!$M57, 3) -> 0.018 | N57: =PERCENTRANK('Team Scores'!$N$3:$N$1000, 'Team Scores'!$N57, 3) -> 0.74 | O57: =PERCENTRANK('Team Scores'!$O$3:$O$1000, 'Team Scores'!$O57, 3) -> 0.259 | P57: =PERCENTRANK('Team Scores'!$P$3:$P$1000, 'Team Scores'!$P57, 3) -> 0.018 | Q57: =PERCENTRANK('Team Scores'!$Q$3:$Q$1000, 'Team Scores'!$Q57, 3) -> 0.277 | R57: =PERCENTRANK('Team Scores'!$R$3:$R$1000, 'Team Scores'!$R57, 3) -> 0.5 | S57: =PERCENTRANK('Team Scores'!$S$3:$S$1000, 'Team Scores'!$S57, 3) -> 0.518 | T57: =PERCENTRANK('Team Scores'!$T$3:$T$1000, 'Team Scores'!$T57, 3) -> 0.018 | U57: =PERCENTRANK('Team Scores'!$U$3:$U$1000, 'Team Scores'!$U57, 3) -> 0.148 | V57: =PERCENTRANK('Team Scores'!$V$3:$V$1000, 'Team Scores'!$V57, 3) -> 0.222 | W57: =PERCENTRANK('Team Scores'!$W$3:$W$1000, 'Team Scores'!$W57, 3) -> 0.092 | X57: =PERCENTRANK('Team Scores'!$X$3:$X$1000, 'Team Scores'!$X57, 3) -> 0.703 | Y57: =PERCENTRANK('Team Scores'!$Y$3:$Y$1000, 'Team Scores'!$Y57, 3) -> 0.518 | Z57: =PERCENTRANK('Team Scores'!$Z$3:$Z$1000, 'Team Scores'!$Z57, 3) -> 0.5 | AA57: =AVERAGE(C57:G57) -> 0.3996 | AB57: =AVERAGE(H57:O57) -> 0.256625 | AC57: =AVERAGE(P57:T57) -> 0.2662 | AD57: =AVERAGE(U57:X57) -> 0.29125 | AE57: =AVERAGE(AA57:AD57) -> 0.30341875

Sheet PB Scouter Summary
A1: Scouter Name | B1: Match Count
A2: {=_xlfn._xlws.SORT(_xlfn.UNIQUE(MatchScoutingData!B2:B9991))} -> Amanah Obaji | B2: =COUNTIF(MatchScoutingData!B$2:B$9991, $A2) -> 26
A3: Andrew Crawford | B3: =COUNTIF(MatchScoutingData!B$2:B$9991, $A3) -> 24
A4: Arthur Sayre | B4: =COUNTIF(MatchScoutingData!B$2:B$9991, $A4) -> 24
A5: Autumn Schoenfeld | B5: =COUNTIF(MatchScoutingData!B$2:B$9991, $A5) -> 23
A6: Caitlin Munier | B6: =COUNTIF(MatchScoutingData!B$2:B$9991, $A6) -> 23
A7: Carter Silva | B7: =COUNTIF(MatchScoutingData!B$2:B$9991, $A7) -> 13
A8: Celton Norter | B8: =COUNTIF(MatchScoutingData!B$2:B$9991, $A8) -> 24
A9: Colby Jackson | B9: =COUNTIF(MatchScoutingData!B$2:B$9991, $A9) -> 24
A10: Connor Rapp | B10: =COUNTIF(MatchScoutingData!B$2:B$9991, $A10) -> 16
A11: Dean Blanchard | B11: =COUNTIF(MatchScoutingData!B$2:B$9991, $A11) -> 30
A12: Domenic Giammusso | B12: =COUNTIF(MatchScoutingData!B$2:B$9991, $A12) -> 25
A13: Eli Harrison | B13: =COUNTIF(MatchScoutingData!B$2:B$9991, $A13) -> 22
A14: Ethan Stiffler | B14: =COUNTIF(MatchScoutingData!B$2:B$9991, $A14) -> 17
... A24: Tyler Hignett | B24: =COUNTIF(MatchScoutingData!B$2:B$9991, $A24) -> 15
A25: 0 | B25: =COUNTIF(MatchScoutingData!B$2:B$9991, $A25) -> 0
B26: =COUNTIF(MatchScoutingData!B$2:B$9991, $A26) -> 0
B27: =COUNTIF(MatchScoutingData!B$2:B$9991, $A27) -> 0
B28: =COUNTIF(MatchScoutingData!B$2:B$9991, $A28) -> 0
B29: =COUNTIF(MatchScoutingData!B$2:B$9991, $A29) -> 0
B30: =COUNTIF(MatchScoutingData!B$2:B$9991, $A30) -> 0
B31: =COUNTIF(MatchScoutingData!B$2:B$9991, $A31) -> 0
B32: =COUNTIF(MatchScoutingData!B$2:B$9991, $A32) -> 0
B33: =COUNTIF(MatchScoutingData!B$2:B$9991, $A33) -> 0
B34: =COUNTIF(MatchScoutingData!B$2:B$9991, $A34) -> 0
B35: =COUNTIF(MatchScoutingData!B$2:B$9991, $A35) -> 0
B36: =COUNTIF(MatchScoutingData!B$2:B$9991, $A36) -> 0
B37: =COUNTIF(MatchScoutingData!B$2:B$9991, $A37) -> 0
... B101: =COUNTIF(MatchScoutingData!B$2:B$9991, $A101) -> 0

Sheet PB Team Summary
A1: Team | B1: Auto Total | C1: Auto Average | D1: Teleop Total | E1: Teleop Average | F1: Endgame Total | G1: Endgame Average
A2: ='Team Summary'!#REF! -> #REF! | B2: ='Team Summary'!#REF! -> #REF! | C2: ='Team Summary'!#REF! -> #REF! | D2: ='Team Summary'!#REF! -> #REF! | E2: ='Team Summary'!#REF! -> #REF! | F2: ='Team Summary'!#REF! -> #REF! | G2: ='Team Summary'!#REF! -> #REF!
