Workbook

Sheet MatchScoutingData
A1: Key | B1: Scouter PIN | C1: Match | D1: Alliance | E1: Team | F1: Climbing Attempted | G1: Robot Reach Level 1 | H1: Robot Move in Auto | I1: A-Stop Activated | J1: Total Fuel Scored | K1: Speed to Shoot Fuel | L1: Accuracy to Shoot Fuel | M1: Number of Fuel Collected | N1: Duirng Inactive, did Collect | O1: During Inactive, did Pass | P1: Collect from Alliance Zone | Q1: Collect from Neutral Zone | R1: Was Intake Good | S1: Climb, Scucess, Level (Endgame) | T1: Defensive Whole Game | U1: Shot from Same Position | V1: Continue to Shoot Until End | W1: Grade Robot's Performance | X1: Result of Match (Postmatch) | Y1: Energized Ranking Point | Z1: Supercharged Ranking Point | AA1: Traversal Ranking Point | AB1: Total Points Scored | AC1: Comments

Sheet Event
A1: TBA Key
A2: FIRST Key
A3: Name
A4: Location
A5: Start Date

Sheet Teams
A1: Team Number | B1: Nickname | C1: School | D1: Rookie Year | E1: TBA Key

Sheet Matches
A1: Match | B1: Start Time | C1: Blue 1 | D1: Blue 2 | E1: Blue 3 | F1: Red 1 | G1: Red 2 | H1: Red 3

Sheet Team Scores
C1: Auto | H1: Teleop | P1: Endgame | U1: Post Match
A2: Team | B2: Matches Scouted | C2: Climbed | D2: Level 1 | E2: Moved | F2: A-Stop | G2: Fuel Scored | H2: Shoot Speed | I2: Accuracy | J2: Fuel Collected | K2: Collect Inactive | L2: Did Pass | M2: Collect Alliance Zone | N2: Collect Neutral Zone | O2: Was Intake Good | P2: Climb Success | Q2: Defense Whole Game | R2: Shot from Same Position | S2: Shoot to End | T2: Performance | U2: Match Results | V2: Total Points | W2: Energized Ranking | X2: Supercharged Ranking | Y2: Traversal Ranking | Z2: Total Ranking Points

Sheet Team Summary
C1: Auto | H1: Teleop | P1: Endgame | U1: Post Match | AA1: Overall
A2: Team | B2: Matches Scouted | C2: Climbed | D2: Level 1 | E2: Moved | F2: A-Stop | G2: Fuel Scored | H2: Shoot Speed | I2: Accuracy | J2: Fuel Collected | K2: Collect Inactive | L2: Did Pass | M2: Collect Alliance Zone | N2: Collect Neutral Zone | O2: Was Intake Good | P2: Climb Success | Q2: Defense Whole Game | R2: Shot from Same Position | S2: Shoot to End | T2: Performance | U2: Match Results | V2: Total Points | W2: Energized Ranking | X2: Supercharged Ranking | Y2: Traversal Ranking | Z2: Total Ranking Points | AA2: Auto | AB2: Teleop | AC2: Endgame | AD2: Post Match | AE2: Complete

Sheet PB Scouter Summary
A1: Scouter Name | B1: Match Count
A2: {=_xlfn._xlws.SORT(_xlfn.UNIQUE(MatchScoutingData!B2:B9991))} -> 0 | B2: =COUNTIF(MatchScoutingData!B$2:B$9991, $A2) -> 0
B3: =COUNTIF(MatchScoutingData!B$2:B$9991, $A3) -> 0
B4: =COUNTIF(MatchScoutingData!B$2:B$9991, $A4) -> 0
B5: =COUNTIF(MatchScoutingData!B$2:B$9991, $A5) -> 0
B6: =COUNTIF(MatchScoutingData!B$2:B$9991, $A6) -> 0
B7: =COUNTIF(MatchScoutingData!B$2:B$9991, $A7) -> 0
B8: =COUNTIF(MatchScoutingData!B$2:B$9991, $A8) -> 0
B9: =COUNTIF(MatchScoutingData!B$2:B$9991, $A9) -> 0
B10: =COUNTIF(MatchScoutingData!B$2:B$9991, $A10) -> 0
B11: =COUNTIF(MatchScoutingData!B$2:B$9991, $A11) -> 0
B12: =COUNTIF(MatchScoutingData!B$2:B$9991, $A12) -> 0
B13: =COUNTIF(MatchScoutingData!B$2:B$9991, $A13) -> 0
B14: =COUNTIF(MatchScoutingData!B$2:B$9991, $A14) -> 0
... B101: =COUNTIF(MatchScoutingData!B$2:B$9991, $A101) -> 0

Sheet PB Team Summary
A1: Team | B1: Auto Total | C1: Auto Average | D1: Teleop Total | E1: Teleop Average | F1: Endgame Total | G1: Endgame Average
A2: ='Team Summary'!#REF! -> #REF! | B2: ='Team Summary'!#REF! -> #REF! | C2: ='Team Summary'!#REF! -> #REF! | D2: ='Team Summary'!#REF! -> #REF! | E2: ='Team Summary'!#REF! -> #REF! | F2: ='Team Summary'!#REF! -> #REF! | G2: ='Team Summary'!#REF! -> #REF!
