Workbook

Sheet MatchScoutingData
A1: Key | B1: Scouter | C1: Event | D1: Match | E1: Alliance | F1: Team | G1: Started With Coral | H1: Left Starting Zone | I1: Auto Coral L4 | J1: Auto Coral L3 | K1: Auto Coral L2 | L1: Auto Coral L1 | M1: Auto Algae Processor | N1: Auto Algae Net | O1: Dropped | P1: Tele Coral L4 | Q1: Tele Coral L3 | R1: Tele Coral L2 | S1: Tele Coral L1 | T1: Tele Algae Processor | U1: Tele Algae Net | V1: Tele Dropped Piecs | W1: Tele Pickup Coral From | X1: Endgame Final Status | Y1: Post Win or Lose | Z1: Post Auto Ranking | AA1: Post Coral Ranking | AB1: Post Barge Ranking | AC1: Immobilized | AD1: Make Good Partner | AE1: Comments
A2: 1.Red-1 | B2: Abyss Mortimer | C2: 2025nyrt | D2: 1 | E2: Red-1 | F2: 639 | G2: 1 | H2: 1 | I2: 1 | J2: 2 | K2: 3 | L2: 4 | M2: 5 | N2: 6 | O2: 7 | P2: 8 | Q2: 9 | R2: 10 | S2: 11 | T2: 12 | U2: 13 | V2: 14 | W2: b | X2: d | Y2: w | Z2: 1 | AA2: 0 | AB2: 1 | AC2: 0 | AD2: 1 | AE2: XXX
A3: 2.Red-1 | B3: Abyss Mortimer | C3: 2025nyrt | D3: 2 | E3: Red-1 | F3: 639 | G3: 1 | H3: 1 | I3: 1 | J3: 2 | K3: 3 | L3: 4 | M3: 5 | N3: 6 | O3: 7 | P3: 8 | Q3: 9 | R3: 10 | S3: 11 | T3: 12 | U3: 13 | V3: 14 | W3: b | X3: d | Y3: w | Z3: 1 | AA3: 0 | AB3: 1 | AC3: 0 | AD3: 1 | AE3: XXX

Sheet Event
A1: TBA Key | B1: 2025nyro
A2: FIRST Key | B2: nyro
A3: Name | B3: Finger Lakes Regional
A4: Location | B4: Center For Integrated Manufacturing Studies (CIMS)
A5: Start Date | B5: 2025-03-12

Sheet Teams
A1: Team Number | B1: Nickname | C1: School | D1: Rookie Year | E1: TBA Key
A2: 20 | B2: The Rocketeers | C2: Shenendehowa High School | D2: 1992 | E2: frc20
A3: 191 | B3: X-CATS | C3: Wilson Magnet High School | D3: 1992 | E3: frc191
A4: 229 | B4: Division By Zero | C4: Norwood-Norfolk Sr High School & Massena High School | D4: 1999 | E4: frc229
A5: 250 | B5: The Dynamos | C5: Colonie Central High School | D5: 1999 | E5: frc250
A6: 271 | B6: Mechanical Marauders | C6: Bay Shore High School | D6: 1999 | E6: frc271
A7: 340 | B7: G.R.R. (Greater Rochester Robotics) | C7: Churchville Chili High School | D7: 2000 | E7: frc340
A8: 378 | B8: The Circuit Stompers | C8: UAW 686 | D8: 2000 | E8: frc378
A9: 424 | B9: Rust Belt Robotics | C9: Churchville-Chili High School & Bausch & Lomb Incorporated | D9: 2000 | E9: frc424
A10: 533 | B10: The PSIcotics | C10: Lindenhurst Senior High School | D10: 2001 | E10: frc533
A11: 564 | B11: Longwood RoboLions | C11: Longwood High School | D11: 2001 | E11: frc564
A12: 578 | B12: Fairport Robotics | C12: Fairport High School | D12: 2001 | E12: frc578
A13: 639 | B13: Code Red Robotics | C13: Ithaca High School | D13: 2001 | E13: frc639
... A55: 10223 | B55: Crimson Jewels | C55: James Monroe Upper School | D55: 2025 | E55: frc10223

Sheet Matches
A1: Match | B1: Start Time | C1: Blue-1 | D1: Blue-2 | E1: Blue-3 | F1: Red-1 | G1: Red-2 | H1: Red-3
A2: 1 | B2: 2025-03-14 08:50:00 | C2: 8243 | D2: 1518 | E2: 340 | F2: 8140 | G2: 1511 | H2: 1559
A3: 2 | B3: 2025-03-14 08:58:00 | C3: 3181 | D3: 20 | E3: 533 | F3: 3004 | G3: 4930 | H3: 6621
A4: 3 | B4: 2025-03-14 09:06:00 | C4: 2340 | D4: 3173 | E4: 9622 | F4: 250 | G4: 271 | H4: 695
A5: 4 | B5: 2025-03-14 09:14:00 | C5: 2791 | D5: 7903 | E5: 3003 | F5: 3044 | G5: 5881 | H5: 3171
A6: 5 | B6: 2025-03-14 09:22:00 | C6: 3951 | D6: 2614 | E6: 1126 | F6: 1591 | G6: 6911 | H6: 1585
A7: 6 | B7: 2025-03-14 09:30:00 | C7: 9643 | D7: 191 | E7: 2252 | F7: 2228 | G7: 424 | H7: 3015
A8: 7 | B8: 2025-03-14 09:38:00 | C8: 378 | D8: 639 | E8: 2010 | F8: 10223 | G8: 1787 | H8: 3838
A9: 8 | B9: 2025-03-14 09:46:00 | C9: 6868 | D9: 564 | E9: 5590 | F9: 229 | G9: 3799 | H9: 8393
A10: 9 | B10: 2025-03-14 09:54:00 | C10: 1405 | D10: 4611 | E10: 7165 | F10: 1308 | G10: 1507 | H10: 578
A11: 10 | B11: 2025-03-14 10:02:00 | C11: 6621 | D11: 1518 | E11: 3181 | F11: 3003 | G11: 3171 | H11: 271
A12: 11 | B12: 2025-03-14 10:10:00 | C12: 3004 | D12: 1591 | E12: 3173 | F12: 4930 | G12: 7903 | H12: 8243
A13: 12 | B13: 2025-03-14 10:18:00 | C13: 2614 | D13: 1559 | E13: 3044 | F13: 9643 | G13: 533 | H13: 3951
... A82: 81 | B82: 2025-03-15 11:38:00 | C82: 3838 | D82: 3015 | E82: 1126 | F82: 564 | G82: 3044 | H82: 271

Sheet Team Scores
C1: Auto | R1: Teleop | AF1: Endgame | AN1: Points | AP1: Ranking Points
C2: Scores | I2: Points | R2: Scores | X2: Points | AF2: Scores | AI2: Points
A3: Team | B3: # Scouted | C3: L4 | D3: L3 | E3: L2 | F3: L1 | G3: Processor | H3: Net | I3: L4 | J3: L3 | K3: L2 | L3: L1 | M3: Processor | N3: Net | O3: Leave | P3: Total | Q3: Average | R3: L4 | S3: L3 | T3: L2 | U3: L1 | V3: Processor | W3: Net | X3: L4 | Y3: L3 | Z3: L2 | AA3: L1 | AB3: Processor | AC3: Net | AD3: Total | AE3: Average | AF3: Park | AG3: Shallow | AH3: Deep | AI3: Park | AJ3: Shallow | AK3: Deep | AL3: Total | AM3: Average | AN3: Total | AO3: Average | AP3: Auto | AQ3: Coral | AR3: Barge | AS3: Total
A4: 20 | B4: =COUNTIF(MatchScoutingData!F$2:F$1000, $A4) | C4: =SUMIF(MatchScoutingData!$F$2:$F$1000, $A4, MatchScoutingData!I$2:I$1000) | D4: =SUMIF(MatchScoutingData!$F$2:$F$1000, $A4, MatchScoutingData!J$2:J$1000) | E4: =SUMIF(MatchScoutingData!$F$2:$F$1000, $A4, MatchScoutingData!K$2:K$1000) | F4: =SUMIF(MatchScoutingData!$F$2:$F$1000, $A4, MatchScoutingData!L$2:L$1000) | G4: =SUMIF(MatchScoutingData!$F$2:$F$1000, $A4, MatchScoutingData!M$2:M$1000) | H4: =SUMIF(MatchScoutingData!$F$2:$F$1000, $A4, MatchScoutingData!N$2:N$1000) | I4: =C4 * 7 | J4: =D4 * 6 | K4: =E4 * 4 | L4: =F4 * 3 | M4: =G4 * 6 | N4: =H4 * 4 | O4: =SUMIF(MatchScoutingData!$F$2:$F$1000, $A4, MatchScoutingData!H$2:H$1000) * 3 | P4: =SUM(I4:O4) | Q4: =IF(P4 > 0, P4/B4, 0) | R4: =SUMIF(MatchScoutingData!$F$2:$F$1000, $A4, MatchScoutingData!P$2:P$1000) | S4: =SUMIF(MatchScoutingData!$F$2:$F$1000, $A4, MatchScoutingData!Q$2:Q$1000) | T4: =SUMIF(MatchScoutingData!$F$2:$F$1000, $A4, MatchScoutingData!R$2:R$1000) | U4: =SUMIF(MatchScoutingData!$F$2:$F$1000, $A4, MatchScoutingData!S$2:S$1000) | V4: =SUMIF(MatchScoutingData!$F$2:$F$1000, $A4, MatchScoutingData!T$2:T$1000) | W4: =SUMIF(MatchScoutingData!$F$2:$F$1000, $A4, MatchScoutingData!U$2:U$1000) | X4: =R4 * 5 | Y4: =S4 * 4 | Z4: =T4 * 3 | AA4: =U4 * 2 | AB4: =V4 * 6 | AC4: =W4 * 4 | AD4: =SUM(X4:AC4) | AE4: =IF(AD4 > 0, AD4/B4, 0) | AF4: =COUNTIFS(MatchScoutingData!$F$2:$F$1000, $A4, MatchScoutingData!$X$2:$X$1000, "p") | AG4: =COUNTIFS(MatchScoutingData!$F$2:$F$1000, $A4, MatchScoutingData!$X$2:$X$1000, "s") | AH4: =COUNTIFS(MatchScoutingData!$F$2:$F$1000, $A4, MatchScoutingData!$X$2:$X$1000, "d") | AI4: =AF4 * 2 | AJ4: =AG4 * 6 | AK4: =AH4 * 12 | AL4: =SUM(AI4:AK4) | AM4: =IF(AD4 > 0, AL4/B4, 0) | AN4: =SUM(P4, AD4, AL4) | AO4: =IF(AN4 > 0, AN4/B4, 0) | AP4: =SUMIF(MatchScoutingData!$F$2:$F$1000, $A4, MatchScoutingData!Z$2:Z$1000) | AQ4: =SUMIF(MatchScoutingData!$F$2:$F$1000, $A4, MatchScoutingData!AA$2:AA$1000) | AR4: =SUMIF(MatchScoutingData!$F$2:$F$1000, $A4, MatchScoutingData!AB$2:AB$1000) | AS4: =SUM(AP4, AQ4, AR4)
A5: 191 | B5: =COUNTIF(MatchScoutingData!F$2:F$1000, $A5) | C5: =SUMIF(MatchScoutingData!$F$2:$F$1000, $A5, MatchScoutingData!I$2:I$1000) | D5: =SUMIF(MatchScoutingData!$F$2:$F$1000, $A5, MatchScoutingData!J$2:J$1000) | E5: =SUMIF(MatchScoutingData!$F$2:$F$1000, $A5, MatchScoutingData!K$2:K$1000) | F5: =SUMIF(MatchScoutingData!$F$2:$F$1000, $A5, MatchScoutingData!L$2:L$1000) | G5: =SUMIF(MatchScoutingData!$F$2:$F$1000, $A5, MatchScoutingData!M$2:M$1000) | H5: =SUMIF(MatchScoutingData!$F$2:$F$1000, $A5, MatchScoutingData!N$2:N$1000) | I5: =C5 * 7 | J5: =D5 * 6 | K5: =E5 * 4 | L5: =F5 * 3 | M5: =G5 * 6 | N5: =H5 * 4 | O5: =SUMIF(MatchScoutingData!$F$2:$F$1000, $A5, MatchScoutingData!H$2:H$1000) * 3 | P5: =SUM(I5:O5) | Q5: =IF(P5 > 0, P5/B5, 0) | R5: =SUMIF(MatchScoutingData!$F$2:$F$1000, $A5, MatchScoutingData!P$2:P$1000) | S5: =SUMIF(MatchScoutingData!$F$2:$F$1000, $A5, MatchScoutingData!Q$2:Q$1000) | T5: =SUMIF(MatchScoutingData!$F$2:$F$1000, $A5, MatchScoutingData!R$2:R$1000) | U5: =SUMIF(MatchScoutingData!$F$2:$F$1000, $A5, MatchScoutingData!S$2:S$1000) | V5: =SUMIF(MatchScoutingData!$F$2:$F$1000, $A5, MatchScoutingData!T$2:T$1000) | W5: =SUMIF(MatchScoutingData!$F$2:$F$1000, $A5, MatchScoutingData!U$2:U$1000) | X5: =R5 * 5 | Y5: =S5 * 4 | Z5: =T5 * 3 | AA5: =U5 * 2 | AB5: =V5 * 6 | AC5: =W5 * 4 | AD5: =SUM(X5:AC5) | AE5: =IF(AD5 > 0, AD5/B5, 0) | AF5: =COUNTIFS(MatchScoutingData!$F$2:$F$1000, $A5, MatchScoutingData!$X$2:$X$1000, "p") | AG5: =COUNTIFS(MatchScoutingData!$F$2:$F$1000, $A5, MatchScoutingData!$X$2:$X$1000, "s") | AH5: =COUNTIFS(MatchScoutingData!$F$2:$F$1000, $A5, MatchScoutingData!$X$2:$X$1000, "d") | AI5: =AF5 * 2 | AJ5: =AG5 * 6 | AK5: =AH5 * 12 | AL5: =SUM(AI5:AK5) | AM5: =IF(AD5 > 0, AL5/B5, 0) | AN5: =SUM(P5, AD5, AL5) | AO5: =IF(AN5 > 0, AN5/B5, 0) | AP5: =SUMIF(MatchScoutingData!$F$2:$F$1000, $A5, MatchScoutingData!Z$2:Z$1000) | AQ5: =SUMIF(MatchScoutingData!$F$2:$F$1000, $A5, MatchScoutingData!AA$2:AA$1000) | AR5: =SUMIF(MatchScoutingData!$F$2:$F$1000, $A5, MatchScoutingData!AB$2:AB$1000) | AS5: =SUM(AP5, AQ5, AR5)
A6: 229 | B6: =COUNTIF(MatchScoutingData!F$2:F$1000, $A6) | C6: =SUMIF(MatchScoutingData!$F$2:$F$1000, $A6, MatchScoutingData!I$2:I$1000) | D6: =SUMIF(MatchScoutingData!$F$2:$F$1000, $A6, MatchScoutingData!J$2:J$1000) | E6: =SUMIF(MatchScoutingData!$F$2:$F$1000, $A6, MatchScoutingData!K$2:K$1000) | F6: =SUMIF(MatchScoutingData!$F$2:$F$1000, $A6, MatchScoutingData!L$2:L$1000) | G6: =SUMIF(MatchScoutingData!$F$2:$F$1000, $A6, MatchScoutingData!M$2:M$1000) | H6: =SUMIF(MatchScoutingData!$F$2:$F$1000, $A6, MatchScoutingData!N$2:N$1000) | I6: =C6 * 7 | J6: =D6 * 6 | K6: =E6 * 4 | L6: =F6 * 3 | M6: =G6 * 6 | N6: =H6 * 4 | O6: =SUMIF(MatchScoutingData!$F$2:$F$1000, $A6, MatchScoutingData!H$2:H$1000) * 3 | P6: =SUM(I6:O6) | Q6: =IF(P6 > 0, P6/B6, 0) | R6: =SUMIF(MatchScoutingData!$F$2:$F$1000, $A6, MatchScoutingData!P$2:P$1000) | S6: =SUMIF(MatchScoutingData!$F$2:$F$1000, $A6, MatchScoutingData!Q$2:Q$1000) | T6: =SUMIF(MatchScoutingData!$F$2:$F$1000, $A6, MatchScoutingData!R$2:R$1000) | U6: =SUMIF(MatchScoutingData!$F$2:$F$1000, $A6, MatchScoutingData!S$2:S$1000) | V6: =SUMIF(MatchScoutingData!$F$2:$F$1000, $A6, MatchScoutingData!T$2:T$1000) | W6: =SUMIF(MatchScoutingData!$F$2:$F$1000, $A6, MatchScoutingData!U$2:U$1000) | X6: =R6 * 5 | Y6: =S6 * 4 | Z6: =T6 * 3 | AA6: =U6 * 2 | AB6: =V6 * 6 | AC6: =W6 * 4 | AD6: =SUM(X6:AC6) | AE6: =IF(AD6 > 0, AD6/B6, 0) | AF6: =COUNTIFS(MatchScoutingData!$F$2:$F$1000, $A6, MatchScoutingData!$X$2:$X$1000, "p") | AG6: =COUNTIFS(MatchScoutingData!$F$2:$F$1000, $A6, MatchScoutingData!$X$2:$X$1000, "s") | AH6: =COUNTIFS(MatchScoutingData!$F$2:$F$1000, $A6, MatchScoutingData!$X$2:$X$1000, "d") | AI6: =AF6 * 2 | AJ6: =AG6 * 6 | AK6: =AH6 * 12 | AL6: =SUM(AI6:AK6) | AM6: =IF(AD6 > 0, AL6/B6, 0) | AN6: =SUM(P6, AD6, AL6) | AO6: =IF(AN6 > 0, AN6/B6, 0) | AP6: =SUMIF(MatchScoutingData!$F$2:$F$1000, $A6, MatchScoutingData!Z$2:Z$1000) | AQ6: =SUMIF(MatchScoutingData!$F$2:$F$1000, $A6, MatchScoutingData!AA$2:AA$1000) | AR6: =SUMIF(MatchScoutingData!$F$2:$F$1000, $A6, MatchScoutingData!AB$2:AB$1000) | AS6: =SUM(AP6, AQ6, AR6)
A7: 250 | B7: =COUNTIF(MatchScoutingData!F$2:F$1000, $A7) | C7: =SUMIF(MatchScoutingData!$F$2:$F$1000, $A7, MatchScoutingData!I$2:I$1000) | D7: =SUMIF(MatchScoutingData!$F$2:$F$1000, $A7, MatchScoutingData!J$2:J$1000) | E7: =SUMIF(MatchScoutingData!$F$2:$F$1000, $A7, MatchScoutingData!K$2:K$1000) | F7: =SUMIF(MatchScoutingData!$F$2:$F$1000, $A7, MatchScoutingData!L$2:L$1000) | G7: =SUMIF(MatchScoutingData!$F$2:$F$1000, $A7, MatchScoutingData!M$2:M$1000) | H7: =SUMIF(MatchScoutingData!$F$2:$F$1000, $A7, MatchScoutingData!N$2:N$1000) | I7: =C7 * 7 | J7: =D7 * 6 | K7: =E7 * 4 | L7: =F7 * 3 | M7: =G7 * 6 | N7: =H7 * 4 | O7: =SUMIF(MatchScoutingData!$F$2:$F$1000, $A7, MatchScoutingData!H$2:H$1000) * 3 | P7: =SUM(I7:O7) | Q7: =IF(P7 > 0, P7/B7, 0) | R7: =SUMIF(MatchScoutingData!$F$2:$F$1000, $A7, MatchScoutingData!P$2:P$1000) | S7: =SUMIF(MatchScoutingData!$F$2:$F$1000, $A7, MatchScoutingData!Q$2:Q$1000) | T7: =SUMIF(MatchScoutingData!$F$2:$F$1000, $A7, MatchScoutingData!R$2:R$1000) | U7: =SUMIF(MatchScoutingData!$F$2:$F$1000, $A7, MatchScoutingData!S$2:S$1000) | V7: =SUMIF(MatchScoutingData!$F$2:$F$1000, $A7, MatchScoutingData!T$2:T$1000) | W7: =SUMIF(MatchScoutingData!$F$2:$F$1000, $A7, MatchScoutingData!U$2:U$1000) | X7: =R7 * 5 | Y7: =S7 * 4 | Z7: =T7 * 3 | AA7: =U7 * 2 | AB7: =V7 * 6 | AC7: =W7 * 4 | AD7: =SUM(X7:AC7) | AE7: =IF(AD7 > 0, AD7/B7, 0) | AF7: =COUNTIFS(MatchScoutingData!$F$2:$F$1000, $A7, MatchScoutingData!$X$2:$X$1000, "p") | AG7: =COUNTIFS(MatchScoutingData!$F$2:$F$1000, $A7, MatchScoutingData!$X$2:$X$1000, "s") | AH7: =COUNTIFS(MatchScoutingData!$F$2:$F$1000, $A7, MatchScoutingData!$X$2:$X$1000, "d") | AI7: =AF7 * 2 | AJ7: =AG7 * 6 | AK7: =AH7 * 12 | AL7: =SUM(AI7:AK7) | AM7: =IF(AD7 > 0, AL7/B7, 0) | AN7: =SUM(P7, AD7, AL7) | AO7: =IF(AN7 > 0, AN7/B7, 0) | AP7: =SUMIF(MatchScoutingData!$F$2:$F$1000, $A7, MatchScoutingData!Z$2:Z$1000) | AQ7: =SUMIF(MatchScoutingData!$F$2:$F$1000, $A7, MatchScoutingData!AA$2:AA$1000) | AR7: =SUMIF(MatchScoutingData!$F$2:$F$1000, $A7, MatchScoutingData!AB$2:AB$1000) | AS7: =SUM(AP7, AQ7, AR7)
A8: 271 | B8: =COUNTIF(MatchScoutingData!F$2:F$1000, $A8) | C8: =SUMIF(MatchScoutingData!$F$2:$F$1000, $A8, MatchScoutingData!I$2:I$1000) | D8: =SUMIF(MatchScoutingData!$F$2:$F$1000, $A8, MatchScoutingData!J$2:J$1000) | E8: =SUMIF(MatchScoutingData!$F$2:$F$1000, $A8, MatchScoutingData!K$2:K$1000) | F8: =SUMIF(MatchScoutingData!$F$2:$F$1000, $A8, MatchScoutingData!L$2:L$1000) | G8: =SUMIF(MatchScoutingData!$F$2:$F$1000, $A8, MatchScoutingData!M$2:M$1000) | H8: =SUMIF(MatchScoutingData!$F$2:$F$1000, $A8, MatchScoutingData!N$2:N$1000) | I8: =C8 * 7 | J8: =D8 * 6 | K8: =E8 * 4 | L8: =F8 * 3 | M8: =G8 * 6 | N8: =H8 * 4 | O8: =SUMIF(MatchScoutingData!$F$2:$F$1000, $A8, MatchScoutingData!H$2:H$1000) * 3 | P8: =SUM(I8:O8) | Q8: =IF(P8 > 0, P8/B8, 0) | R8: =SUMIF(MatchScoutingData!$F$2:$F$1000, $A8, MatchScoutingData!P$2:P$1000) | S8: =SUMIF(MatchScoutingData!$F$2:$F$1000, $A8, MatchScoutingData!Q$2:Q$1000) | T8: =SUMIF(MatchScoutingData!$F$2:$F$1000, $A8, MatchScoutingData!R$2:R$1000) | U8: =SUMIF(MatchScoutingData!$F$2:$F$1000, $A8, MatchScoutingData!S$2:S$1000) | V8: =SUMIF(MatchScoutingData!$F$2:$F$1000, $A8, MatchScoutingData!T$2:T$1000) | W8: =SUMIF(MatchScoutingData!$F$2:$F$1000, $A8, MatchScoutingData!U$2:U$1000) | X8: =R8 * 5 | Y8: =S8 * 4 | Z8: =T8 * 3 | AA8: =U8 * 2 | AB8: =V8 * 6 | AC8: =W8 * 4 | AD8: =SUM(X8:AC8) | AE8: =IF(AD8 > 0, AD8/B8, 0) | AF8: =COUNTIFS(MatchScoutingData!$F$2:$F$1000, $A8, MatchScoutingData!$X$2:$X$1000, "p") | AG8: =COUNTIFS(MatchScoutingData!$F$2:$F$1000, $A8, MatchScoutingData!$X$2:$X$1000, "s") | AH8: =COUNTIFS(MatchScoutingData!$F$2:$F$1000, $A8, MatchScoutingData!$X$2:$X$1000, "d") | AI8: =AF8 * 2 | AJ8: =AG8 * 6 | AK8: =AH8 * 12 | AL8: =SUM(AI8:AK8) | AM8: =IF(AD8 > 0, AL8/B8, 0) | AN8: =SUM(P8, AD8, AL8) | AO8: =IF(AN8 > 0, AN8/B8, 0) | AP8: =SUMIF(MatchScoutingData!$F$2:$F$1000, $A8, MatchScoutingData!Z$2:Z$1000) | AQ8: =SUMIF(MatchScoutingData!$F$2:$F$1000, $A8, MatchScoutingData!AA$2:AA$1000) | AR8: =SUMIF(MatchScoutingData!$F$2:$F$1000, $A8, MatchScoutingData!AB$2:AB$1000) | AS8: =SUM(AP8, AQ8, AR8)
A9: 340 | B9: =COUNTIF(MatchScoutingData!F$2:F$1000, $A9) | C9: =SUMIF(MatchScoutingData!$F$2:$F$1000, $A9, MatchScoutingData!I$2:I$1000) | D9: =SUMIF(MatchScoutingData!$F$2:$F$1000, $A9, MatchScoutingData!J$2:J$1000) | E9: =SUMIF(MatchScoutingData!$F$2:$F$1000, $A9, MatchScoutingData!K$2:K$1000) | F9: =SUMIF(MatchScoutingData!$F$2:$F$1000, $A9, MatchScoutingData!L$2:L$1000) | G9: =SUMIF(MatchScoutingData!$F$2:$F$1000, $A9, MatchScoutingData!M$2:M$1000) | H9: =SUMIF(MatchScoutingData!$F$2:$F$1000, $A9, MatchScoutingData!N$2:N$1000) | I9: =C9 * 7 | J9: =D9 * 6 | K9: =E9 * 4 | L9: =F9 * 3 | M9: =G9 * 6 | N9: =H9 * 4 | O9: =SUMIF(MatchScoutingData!$F$2:$F$1000, $A9, MatchScoutingData!H$2:H$1000) * 3 | P9: =SUM(I9:O9) | Q9: =IF(P9 > 0, P9/B9, 0) | R9: =SUMIF(MatchScoutingData!$F$2:$F$1000, $A9, MatchScoutingData!P$2:P$1000) | S9: =SUMIF(MatchScoutingData!$F$2:$F$1000, $A9, MatchScoutingData!Q$2:Q$1000) | T9: =SUMIF(MatchScoutingData!$F$2:$F$1000, $A9, MatchScoutingData!R$2:R$1000) | U9: =SUMIF(MatchScoutingData!$F$2:$F$1000, $A9, MatchScoutingData!S$2:S$1000) | V9: =SUMIF(MatchScoutingData!$F$2:$F$1000, $A9, MatchScoutingData!T$2:T$1000) | W9: =SUMIF(MatchScoutingData!$F$2:$F$1000, $A9, MatchScoutingData!U$2:U$1000) | X9: =R9 * 5 | Y9: =S9 * 4 | Z9: =T9 * 3 | AA9: =U9 * 2 | AB9: =V9 * 6 | AC9: =W9 * 4 | AD9: =SUM(X9:AC9) | AE9: =IF(AD9 > 0, AD9/B9, 0) | AF9: =COUNTIFS(MatchScoutingData!$F$2:$F$1000, $A9, MatchScoutingData!$X$2:$X$1000, "p") | AG9: =COUNTIFS(MatchScoutingData!$F$2:$F$1000, $A9, MatchScoutingData!$X$2:$X$1000, "s") | AH9: =COUNTIFS(MatchScoutingData!$F$2:$F$1000, $A9, MatchScoutingData!$X$2:$X$1000, "d") | AI9: =AF9 * 2 | AJ9: =AG9 * 6 | AK9: =AH9 * 12 | AL9: =SUM(AI9:AK9) | AM9: =IF(AD9 > 0, AL9/B9, 0) | AN9: =SUM(P9, AD9, AL9) | AO9: =IF(AN9 > 0, AN9/B9, 0) | AP9: =SUMIF(MatchScoutingData!$F$2:$F$1000, $A9, MatchScoutingData!Z$2:Z$1000) | AQ9: =SUMIF(MatchScoutingData!$F$2:$F$1000, $A9, MatchScoutingData!AA$2:AA$1000) | AR9: =SUMIF(MatchScoutingData!$F$2:$F$1000, $A9, MatchScoutingData!AB$2:AB$1000) | AS9: =SUM(AP9, AQ9, AR9)
A10: 378 | B10: =COUNTIF(MatchScoutingData!F$2:F$1000, $A10) | C10: =SUMIF(MatchScoutingData!$F$2:$F$1000, $A10, MatchScoutingData!I$2:I$1000) | D10: =SUMIF(MatchScoutingData!$F$2:$F$1000, $A10, MatchScoutingData!J$2:J$1000) | E10: =SUMIF(MatchScoutingData!$F$2:$F$1000, $A10, MatchScoutingData!K$2:K$1000) | F10: =SUMIF(MatchScoutingData!$F$2:$F$1000, $A10, MatchScoutingData!L$2:L$1000) | G10: =SUMIF(MatchScoutingData!$F$2:$F$1000, $A10, MatchScoutingData!M$2:M$1000) | H10: =SUMIF(MatchScoutingData!$F$2:$F$1000, $A10, MatchScoutingData!N$2:N$1000) | I10: =C10 * 7 | J10: =D10 * 6 | K10: =E10 * 4 | L10: =F10 * 3 | M10: =G10 * 6 | N10: =H10 * 4 | O10: =SUMIF(MatchScoutingData!$F$2:$F$1000, $A10, MatchScoutingData!H$2:H$1000) * 3 | P10: =SUM(I10:O10) | Q10: =IF(P10 > 0, P10/B10, 0) | R10: =SUMIF(MatchScoutingData!$F$2:$F$1000, $A10, MatchScoutingData!P$2:P$1000) | S10: =SUMIF(MatchScoutingData!$F$2:$F$1000, $A10, MatchScoutingData!Q$2:Q$1000) | T10: =SUMIF(MatchScoutingData!$F$2:$F$1000, $A10, MatchScoutingData!R$2:R$1000) | U10: =SUMIF(MatchScoutingData!$F$2:$F$1000, $A10, MatchScoutingData!S$2:S$1000) | V10: =SUMIF(MatchScoutingData!$F$2:$F$1000, $A10, MatchScoutingData!T$2:T$1000) | W10: =SUMIF(MatchScoutingData!$F$2:$F$1000, $A10, MatchScoutingData!U$2:U$1000) | X10: =R10 * 5 | Y10: =S10 * 4 | Z10: =T10 * 3 | AA10: =U10 * 2 | AB10: =V10 * 6 | AC10: =W10 * 4 | AD10: =SUM(X10:AC10) | AE10: =IF(AD10 > 0, AD10/B10, 0) | AF10: =COUNTIFS(MatchScoutingData!$F$2:$F$1000, $A10, MatchScoutingData!$X$2:$X$1000, "p") | AG10: =COUNTIFS(MatchScoutingData!$F$2:$F$1000, $A10, MatchScoutingData!$X$2:$X$1000, "s") | AH10: =COUNTIFS(MatchScoutingData!$F$2:$F$1000, $A10, MatchScoutingData!$X$2:$X$1000, "d") | AI10: =AF10 * 2 | AJ10: =AG10 * 6 | AK10: =AH10 * 12 | AL10: =SUM(AI10:AK10) | AM10: =IF(AD10 > 0, AL10/B10, 0) | AN10: =SUM(P10, AD10, AL10) | AO10: =IF(AN10 > 0, AN10/B10, 0) | AP10: =SUMIF(MatchScoutingData!$F$2:$F$1000, $A10, MatchScoutingData!Z$2:Z$1000) | AQ10: =SUMIF(MatchScoutingData!$F$2:$F$1000, $A10, MatchScoutingData!AA$2:AA$1000) | AR10: =SUMIF(MatchScoutingData!$F$2:$F$1000, $A10, MatchScoutingData!AB$2:AB$1000) | AS10: =SUM(AP10, AQ10, AR10)
A11: 424 | B11: =COUNTIF(MatchScoutingData!F$2:F$1000, $A11) | C11: =SUMIF(MatchScoutingData!$F$2:$F$1000, $A11, MatchScoutingData!I$2:I$1000) | D11: =SUMIF(MatchScoutingData!$F$2:$F$1000, $A11, MatchScoutingData!J$2:J$1000) | E11: =SUMIF(MatchScoutingData!$F$2:$F$1000, $A11, MatchScoutingData!K$2:K$1000) | F11: =SUMIF(MatchScoutingData!$F$2:$F$1000, $A11, MatchScoutingData!L$2:L$1000) | G11: =SUMIF(MatchScoutingData!$F$2:$F$1000, $A11, MatchScoutingData!M$2:M$1000) | H11: =SUMIF(MatchScoutingData!$F$2:$F$1000, $A11, MatchScoutingData!N$2:N$1000) | I11: =C11 * 7 | J11: =D11 * 6 | K11: =E11 * 4 | L11: =F11 * 3 | M11: =G11 * 6 | N11: =H11 * 4 | O11: =SUMIF(MatchScoutingData!$F$2:$F$1000, $A11, MatchScoutingData!H$2:H$1000) * 3 | P11: =SUM(I11:O11) | Q11: =IF(P11 > 0, P11/B11, 0) | R11: =SUMIF(MatchScoutingData!$F$2:$F$1000, $A11, MatchScoutingData!P$2:P$1000) | S11: =SUMIF(MatchScoutingData!$F$2:$F$1000, $A11, MatchScoutingData!Q$2:Q$1000) | T11: =SUMIF(MatchScoutingData!$F$2:$F$1000, $A11, MatchScoutingData!R$2:R$1000) | U11: =SUMIF(MatchScoutingData!$F$2:$F$1000, $A11, MatchScoutingData!S$2:S$1000) | V11: =SUMIF(MatchScoutingData!$F$2:$F$1000, $A11, MatchScoutingData!T$2:T$1000) | W11: =SUMIF(MatchScoutingData!$F$2:$F$1000, $A11, MatchScoutingData!U$2:U$1000) | X11: =R11 * 5 | Y11: =S11 * 4 | Z11: =T11 * 3 | AA11: =U11 * 2 | AB11: =V11 * 6 | AC11: =W11 * 4 | AD11: =SUM(X11:AC11) | AE11: =IF(AD11 > 0, AD11/B11, 0) | AF11: =COUNTIFS(MatchScoutingData!$F$2:$F$1000, $A11, MatchScoutingData!$X$2:$X$1000, "p") | AG11: =COUNTIFS(MatchScoutingData!$F$2:$F$1000, $A11, MatchScoutingData!$X$2:$X$1000, "s") | AH11: =COUNTIFS(MatchScoutingData!$F$2:$F$1000, $A11, MatchScoutingData!$X$2:$X$1000, "d") | AI11: =AF11 * 2 | AJ11: =AG11 * 6 | AK11: =AH11 * 12 | AL11: =SUM(AI11:AK11) | AM11: =IF(AD11 > 0, AL11/B11, 0) | AN11: =SUM(P11, AD11, AL11) | AO11: =IF(AN11 > 0, AN11/B11, 0) | AP11: =SUMIF(MatchScoutingData!$F$2:$F$1000, $A11, MatchScoutingData!Z$2:Z$1000) | AQ11: =SUMIF(MatchScoutingData!$F$2:$F$1000, $A11, MatchScoutingData!AA$2:AA$1000) | AR11: =SUMIF(MatchScoutingData!$F$2:$F$1000, $A11, MatchScoutingData!AB$2:AB$1000) | AS11: =SUM(AP11, AQ11, AR11)
A12: 533 | B12: =COUNTIF(MatchScoutingData!F$2:F$1000, $A12) | C12: =SUMIF(MatchScoutingData!$F$2:$F$1000, $A12, MatchScoutingData!I$2:I$1000) | D12: =SUMIF(MatchScoutingData!$F$2:$F$1000, $A12, MatchScoutingData!J$2:J$1000) | E12: =SUMIF(MatchScoutingData!$F$2:$F$1000, $A12, MatchScoutingData!K$2:K$1000) | F12: =SUMIF(MatchScoutingData!$F$2:$F$1000, $A12, MatchScoutingData!L$2:L$1000) | G12: =SUMIF(MatchScoutingData!$F$2:$F$1000, $A12, MatchScoutingData!M$2:M$1000) | H12: =SUMIF(MatchScoutingData!$F$2:$F$1000, $A12, MatchScoutingData!N$2:N$1000) | I12: =C12 * 7 | J12: =D12 * 6 | K12: =E12 * 4 | L12: =F12 * 3 | M12: =G12 * 6 | N12: =H12 * 4 | O12: =SUMIF(MatchScoutingData!$F$2:$F$1000, $A12, MatchScoutingData!H$2:H$1000) * 3 | P12: =SUM(I12:O12) | Q12: =IF(P12 > 0, P12/B12, 0) | R12: =SUMIF(MatchScoutingData!$F$2:$F$1000, $A12, MatchScoutingData!P$2:P$1000) | S12: =SUMIF(MatchScoutingData!$F$2:$F$1000, $A12, MatchScoutingData!Q$2:Q$1000) | T12: =SUMIF(MatchScoutingData!$F$2:$F$1000, $A12, MatchScoutingData!R$2:R$1000) | U12: =SUMIF(MatchScoutingData!$F$2:$F$1000, $A12, MatchScoutingData!S$2:S$1000) | V12: =SUMIF(MatchScoutingData!$F$2:$F$1000, $A12, MatchScoutingData!T$2:T$1000) | W12: =SUMIF(MatchScoutingData!$F$2:$F$1000, $A12, MatchScoutingData!U$2:U$1000) | X12: =R12 * 5 | Y12: =S12 * 4 | Z12: =T12 * 3 | AA12: =U12 * 2 | AB12: =V12 * 6 | AC12: =W12 * 4 | AD12: =SUM(X12:AC12) | AE12: =IF(AD12 > 0, AD12/B12, 0) | AF12: =COUNTIFS(MatchScoutingData!$F$2:$F$1000, $A12, MatchScoutingData!$X$2:$X$1000, "p") | AG12: =COUNTIFS(MatchScoutingData!$F$2:$F$1000, $A12, MatchScoutingData!$X$2:$X$1000, "s") | AH12: =COUNTIFS(MatchScoutingData!$F$2:$F$1000, $A12, MatchScoutingData!$X$2:$X$1000, "d") | AI12: =AF12 * 2 | AJ12: =AG12 * 6 | AK12: =AH12 * 12 | AL12: =SUM(AI12:AK12) | AM12: =IF(AD12 > 0, AL12/B12, 0) | AN12: =SUM(P12, AD12, AL12) | AO12: =IF(AN12 > 0, AN12/B12, 0) | AP12: =SUMIF(MatchScoutingData!$F$2:$F$1000, $A12, MatchScoutingData!Z$2:Z$1000) | AQ12: =SUMIF(MatchScoutingData!$F$2:$F$1000, $A12, MatchScoutingData!AA$2:AA$1000) | AR12: =SUMIF(MatchScoutingData!$F$2:$F$1000, $A12, MatchScoutingData!AB$2:AB$1000) | AS12: =SUM(AP12, AQ12, AR12)
A13: 564 | B13: =COUNTIF(MatchScoutingData!F$2:F$1000, $A13) | C13: =SUMIF(MatchScoutingData!$F$2:$F$1000, $A13, MatchScoutingData!I$2:I$1000) | D13: =SUMIF(MatchScoutingData!$F$2:$F$1000, $A13, MatchScoutingData!J$2:J$1000) | E13: =SUMIF(MatchScoutingData!$F$2:$F$1000, $A13, MatchScoutingData!K$2:K$1000) | F13: =SUMIF(MatchScoutingData!$F$2:$F$1000, $A13, MatchScoutingData!L$2:L$1000) | G13: =SUMIF(MatchScoutingData!$F$2:$F$1000, $A13, MatchScoutingData!M$2:M$1000) | H13: =SUMIF(MatchScoutingData!$F$2:$F$1000, $A13, MatchScoutingData!N$2:N$1000) | I13: =C13 * 7 | J13: =D13 * 6 | K13: =E13 * 4 | L13: =F13 * 3 | M13: =G13 * 6 | N13: =H13 * 4 | O13: =SUMIF(MatchScoutingData!$F$2:$F$1000, $A13, MatchScoutingData!H$2:H$1000) * 3 | P13: =SUM(I13:O13) | Q13: =IF(P13 > 0, P13/B13, 0) | R13: =SUMIF(MatchScoutingData!$F$2:$F$1000, $A13, MatchScoutingData!P$2:P$1000) | S13: =SUMIF(MatchScoutingData!$F$2:$F$1000, $A13, MatchScoutingData!Q$2:Q$1000) | T13: =SUMIF(MatchScoutingData!$F$2:$F$1000, $A13, MatchScoutingData!R$2:R$1000) | U13: =SUMIF(MatchScoutingData!$F$2:$F$1000, $A13, MatchScoutingData!S$2:S$1000) | V13: =SUMIF(MatchScoutingData!$F$2:$F$1000, $A13, MatchScoutingData!T$2:T$1000) | W13: =SUMIF(MatchScoutingData!$F$2:$F$1000, $A13, MatchScoutingData!U$2:U$1000) | X13: =R13 * 5 | Y13: =S13 * 4 | Z13: =T13 * 3 | AA13: =U13 * 2 | AB13: =V13 * 6 | AC13: =W13 * 4 | AD13: =SUM(X13:AC13) | AE13: =IF(AD13 > 0, AD13/B13, 0) | AF13: =COUNTIFS(MatchScoutingData!$F$2:$F$1000, $A13, MatchScoutingData!$X$2:$X$1000, "p") | AG13: =COUNTIFS(MatchScoutingData!$F$2:$F$1000, $A13, MatchScoutingData!$X$2:$X$1000, "s") | AH13: =COUNTIFS(MatchScoutingData!$F$2:$F$1000, $A13, MatchScoutingData!$X$2:$X$1000, "d") | AI13: =AF13 * 2 | AJ13: =AG13 * 6 | AK13: =AH13 * 12 | AL13: =SUM(AI13:AK13) | AM13: =IF(AD13 > 0, AL13/B13, 0) | AN13: =SUM(P13, AD13, AL13) | AO13: =IF(AN13 > 0, AN13/B13, 0) | AP13: =SUMIF(MatchScoutingData!$F$2:$F$1000, $A13, MatchScoutingData!Z$2:Z$1000) | AQ13: =SUMIF(MatchScoutingData!$F$2:$F$1000, $A13, MatchScoutingData!AA$2:AA$1000) | AR13: =SUMIF(MatchScoutingData!$F$2:$F$1000, $A13, MatchScoutingData!AB$2:AB$1000) | AS13: =SUM(AP13, AQ13, AR13)
A14: 578 | B14: =COUNTIF(MatchScoutingData!F$2:F$1000, $A14) | C14: =SUMIF(MatchScoutingData!$F$2:$F$1000, $A14, MatchScoutingData!I$2:I$1000) | D14: =SUMIF(MatchScoutingData!$F$2:$F$1000, $A14, MatchScoutingData!J$2:J$1000) | E14: =SUMIF(MatchScoutingData!$F$2:$F$1000, $A14, MatchScoutingData!K$2:K$1000) | F14: =SUMIF(MatchScoutingData!$F$2:$F$1000, $A14, MatchScoutingData!L$2:L$1000) | G14: =SUMIF(MatchScoutingData!$F$2:$F$1000, $A14, MatchScoutingData!M$2:M$1000) | H14: =SUMIF(MatchScoutingData!$F$2:$F$1000, $A14, MatchScoutingData!N$2:N$1000) | I14: =C14 * 7 | J14: =D14 * 6 | K14: =E14 * 4 | L14: =F14 * 3 | M14: =G14 * 6 | N14: =H14 * 4 | O14: =SUMIF(MatchScoutingData!$F$2:$F$1000, $A14, MatchScoutingData!H$2:H$1000) * 3 | P14: =SUM(I14:O14) | Q14: =IF(P14 > 0, P14/B14, 0) | R14: =SUMIF(MatchScoutingData!$F$2:$F$1000, $A14, MatchScoutingData!P$2:P$1000) | S14: =SUMIF(MatchScoutingData!$F$2:$F$1000, $A14, MatchScoutingData!Q$2:Q$1000) | T14: =SUMIF(MatchScoutingData!$F$2:$F$1000, $A14, MatchScoutingData!R$2:R$1000) | U14: =SUMIF(MatchScoutingData!$F$2:$F$1000, $A14, MatchScoutingData!S$2:S$1000) | V14: =SUMIF(MatchScoutingData!$F$2:$F$1000, $A14, MatchScoutingData!T$2:T$1000) | W14: =SUMIF(MatchScoutingData!$F$2:$F$1000, $A14, MatchScoutingData!U$2:U$1000) | X14: =R14 * 5 | Y14: =S14 * 4 | Z14: =T14 * 3 | AA14: =U14 * 2 | AB14: =V14 * 6 | AC14: =W14 * 4 | AD14: =SUM(X14:AC14) | AE14: =IF(AD14 > 0, AD14/B14, 0) | AF14: =COUNTIFS(MatchScoutingData!$F$2:$F$1000, $A14, MatchScoutingData!$X$2:$X$1000, "p") | AG14: =COUNTIFS(MatchScoutingData!$F$2:$F$1000, $A14, MatchScoutingData!$X$2:$X$1000, "s") | AH14: =COUNTIFS(MatchScoutingData!$F$2:$F$1000, $A14, MatchScoutingData!$X$2:$X$1000, "d") | AI14: =AF14 * 2 | AJ14: =AG14 * 6 | AK14: =AH14 * 12 | AL14: =SUM(AI14:AK14) | AM14: =IF(AD14 > 0, AL14/B14, 0) | AN14: =SUM(P14, AD14, AL14) | AO14: =IF(AN14 > 0, AN14/B14, 0) | AP14: =SUMIF(MatchScoutingData!$F$2:$F$1000, $A14, MatchScoutingData!Z$2:Z$1000) | AQ14: =SUMIF(MatchScoutingData!$F$2:$F$1000, $A14, MatchScoutingData!AA$2:AA$1000) | AR14: =SUMIF(MatchScoutingData!$F$2:$F$1000, $A14, MatchScoutingData!AB$2:AB$1000) | AS14: =SUM(AP14, AQ14, AR14)
A15: 639 | B15: =COUNTIF(MatchScoutingData!F$2:F$1000, $A15) | C15: =SUMIF(MatchScoutingData!$F$2:$F$1000, $A15, MatchScoutingData!I$2:I$1000) | D15: =SUMIF(MatchScoutingData!$F$2:$F$1000, $A15, MatchScoutingData!J$2:J$1000) | E15: =SUMIF(MatchScoutingData!$F$2:$F$1000, $A15, MatchScoutingData!K$2:K$1000) | F15: =SUMIF(MatchScoutingData!$F$2:$F$1000, $A15, MatchScoutingData!L$2:L$1000) | G15: =SUMIF(MatchScoutingData!$F$2:$F$1000, $A15, MatchScoutingData!M$2:M$1000) | H15: =SUMIF(MatchScoutingData!$F$2:$F$1000, $A15, MatchScoutingData!N$2:N$1000) | I15: =C15 * 7 | J15: =D15 * 6 | K15: =E15 * 4 | L15: =F15 * 3 | M15: =G15 * 6 | N15: =H15 * 4 | O15: =SUMIF(MatchScoutingData!$F$2:$F$1000, $A15, MatchScoutingData!H$2:H$1000) * 3 | P15: =SUM(I15:O15) | Q15: =IF(P15 > 0, P15/B15, 0) | R15: =SUMIF(MatchScoutingData!$F$2:$F$1000, $A15, MatchScoutingData!P$2:P$1000) | S15: =SUMIF(MatchScoutingData!$F$2:$F$1000, $A15, MatchScoutingData!Q$2:Q$1000) | T15: =SUMIF(MatchScoutingData!$F$2:$F$1000, $A15, MatchScoutingData!R$2:R$1000) | U15: =SUMIF(MatchScoutingData!$F$2:$F$1000, $A15, MatchScoutingData!S$2:S$1000) | V15: =SUMIF(MatchScoutingData!$F$2:$F$1000, $A15, MatchScoutingData!T$2:T$1000) | W15: =SUMIF(MatchScoutingData!$F$2:$F$1000, $A15, MatchScoutingData!U$2:U$1000) | X15: =R15 * 5 | Y15: =S15 * 4 | Z15: =T15 * 3 | AA15: =U15 * 2 | AB15: =V15 * 6 | AC15: =W15 * 4 | AD15: =SUM(X15:AC15) | AE15: =IF(AD15 > 0, AD15/B15, 0) | AF15: =COUNTIFS(MatchScoutingData!$F$2:$F$1000, $A15, MatchScoutingData!$X$2:$X$1000, "p") | AG15: =COUNTIFS(MatchScoutingData!$F$2:$F$1000, $A15, MatchScoutingData!$X$2:$X$1000, "s") | AH15: =COUNTIFS(MatchScoutingData!$F$2:$F$1000, $A15, MatchScoutingData!$X$2:$X$1000, "d") | AI15: =AF15 * 2 | AJ15: =AG15 * 6 | AK15: =AH15 * 12 | AL15: =SUM(AI15:AK15) | AM15: =IF(AD15 > 0, AL15/B15, 0) | AN15: =SUM(P15, AD15, AL15) | AO15: =IF(AN15 > 0, AN15/B15, 0) | AP15: =SUMIF(MatchScoutingData!$F$2:$F$1000, $A15, MatchScoutingData!Z$2:Z$1000) | AQ15: =SUMIF(MatchScoutingData!$F$2:$F$1000, $A15, MatchScoutingData!AA$2:AA$1000) | AR15: =SUMIF(MatchScoutingData!$F$2:$F$1000, $A15, MatchScoutingData!AB$2:AB$1000) | AS15: =SUM(AP15, AQ15, AR15)
... A57: 10223 | B57: =COUNTIF(MatchScoutingData!F$2:F$1000, $A57) | C57: =SUMIF(MatchScoutingData!$F$2:$F$1000, $A57, MatchScoutingData!I$2:I$1000) | D57: =SUMIF(MatchScoutingData!$F$2:$F$1000, $A57, MatchScoutingData!J$2:J$1000) | E57: =SUMIF(MatchScoutingData!$F$2:$F$1000, $A57, MatchScoutingData!K$2:K$1000) | F57: =SUMIF(MatchScoutingData!$F$2:$F$1000, $A57, MatchScoutingData!L$2:L$1000) | G57: =SUMIF(MatchScoutingData!$F$2:$F$1000, $A57, MatchScoutingData!M$2:M$1000) | H57: =SUMIF(MatchScoutingData!$F$2:$F$1000, $A57, MatchScoutingData!N$2:N$1000) | I57: =C57 * 7 | J57: =D57 * 6 | K57: =E57 * 4 | L57: =F57 * 3 | M57: =G57 * 6 | N57: =H57 * 4 | O57: =SUMIF(MatchScoutingData!$F$2:$F$1000, $A57, MatchScoutingData!H$2:H$1000) * 3 | P57: =SUM(I57:O57) | Q57: =IF(P57 > 0, P57/B57, 0) | R57: =SUMIF(MatchScoutingData!$F$2:$F$1000, $A57, MatchScoutingData!P$2:P$1000) | S57: =SUMIF(MatchScoutingData!$F$2:$F$1000, $A57, MatchScoutingData!Q$2:Q$1000) | T57: =SUMIF(MatchScoutingData!$F$2:$F$1000, $A57, MatchScoutingData!R$2:R$1000) | U57: =SUMIF(MatchScoutingData!$F$2:$F$1000, $A57, MatchScoutingData!S$2:S$1000) | V57: =SUMIF(MatchScoutingData!$F$2:$F$1000, $A57, MatchScoutingData!T$2:T$1000) | W57: =SUMIF(MatchScoutingData!$F$2:$F$1000, $A57, MatchScoutingData!U$2:U$1000) | X57: =R57 * 5 | Y57: =S57 * 4 | Z57: =T57 * 3 | AA57: =U57 * 2 | AB57: =V57 * 6 | AC57: =W57 * 4 | AD57: =SUM(X57:AC57) | AE57: =IF(AD57 > 0, AD57/B57, 0) | AF57: =COUNTIFS(MatchScoutingData!$F$2:$F$1000, $A57, MatchScoutingData!$X$2:$X$1000, "p") | AG57: =COUNTIFS(MatchScoutingData!$F$2:$F$1000, $A57, MatchScoutingData!$X$2:$X$1000, "s") | AH57: =COUNTIFS(MatchScoutingData!$F$2:$F$1000, $A57, MatchScoutingData!$X$2:$X$1000, "d") | AI57: =AF57 * 2 | AJ57: =AG57 * 6 | AK57: =AH57 * 12 | AL57: =SUM(AI57:AK57) | AM57: =IF(AD57 > 0, AL57/B57, 0) | AN57: =SUM(P57, AD57, AL57) | AO57: =IF(AN57 > 0, AN57/B57, 0) | AP57: =SUMIF(MatchScoutingData!$F$2:$F$1000, $A57, MatchScoutingData!Z$2:Z$1000) | AQ57: =SUMIF(MatchScoutingData!$F$2:$F$1000, $A57, MatchScoutingData!AA$2:AA$1000) | AR57: =SUMIF(MatchScoutingData!$F$2:$F$1000, $A57, MatchScoutingData!AB$2:AB$1000) | AS57: =SUM(AP57, AQ57, AR57)

Sheet Team Summary
B1: Points Scored | J1: Percentile | N1: Ranking Points Scored | R1: Ranking Points Percentile
B2: Auto | D2: Teleop | F2: Endgame | H2: Overall
A3: Team | B3: Total | C3: Average | D3: Total | E3: Average | F3: Total | G3: Average | H3: Total | I3: Average | J3: Auto | K3: Teleop | L3: Endgame | M3: Total | N3: Auto | O3: Coral | P3: Barge | Q3: Total | R3: Auto | S3: Coral | T3: Barge | U3: Total
A4: 20 | B4: =INDEX('Team Scores'!P$4:P$57, MATCH(A4,'Team Scores'!A$4:A$57, 0)) | C4: =INDEX('Team Scores'!Q$4:Q$57, MATCH(A4,'Team Scores'!A$4:A$57, 0)) | D4: =INDEX('Team Scores'!AD$4:AD$57, MATCH(A4,'Team Scores'!A$4:A$57, 0)) | E4: =INDEX('Team Scores'!AE$4:AE$57, MATCH(A4,'Team Scores'!A$4:A$57, 0)) | F4: =INDEX('Team Scores'!AL$4:AL$57, MATCH(A4,'Team Scores'!A$4:A$57, 0)) | G4: =INDEX('Team Scores'!AM$4:AM$57, MATCH(A4,'Team Scores'!A$4:A$57, 0)) | H4: =INDEX('Team Scores'!AN$4:AN$57, MATCH(A4,'Team Scores'!A$4:A$57, 0)) | I4: =INDEX('Team Scores'!AO$4:AO$57, MATCH(A4,'Team Scores'!A$4:A$57, 0)) | J4: =PERCENTRANK(B$4:B$57, B4, 3) | K4: =PERCENTRANK(D$4:D$57, D4, 3) | L4: =PERCENTRANK(F$4:F$57, F4, 3) | M4: =PERCENTRANK(H$4:H$57, H4, 3) | N4: =INDEX('Team Scores'!AP$4:AP$57, MATCH(A4,'Team Scores'!A$4:A$57, 0)) | O4: =INDEX('Team Scores'!AQ$4:AQ$57, MATCH(A4,'Team Scores'!A$4:A$57, 0)) | P4: =INDEX('Team Scores'!AR$4:AR$57, MATCH(A4,'Team Scores'!A$4:A$57, 0)) | Q4: =INDEX('Team Scores'!AS$4:AS$57, MATCH(A4,'Team Scores'!A$4:A$57, 0)) | R4: =PERCENTRANK(N$4:N$57, N4, 3) | S4: =PERCENTRANK(O$4:O$57, O4, 3) | T4: =PERCENTRANK(P$4:P$57, P4, 3) | U4: =PERCENTRANK(Q$4:Q$57, Q4, 3)
A5: 191 | B5: =INDEX('Team Scores'!P$4:P$57, MATCH(A5,'Team Scores'!A$4:A$57, 0)) | C5: =INDEX('Team Scores'!Q$4:Q$57, MATCH(A5,'Team Scores'!A$4:A$57, 0)) | D5: =INDEX('Team Scores'!AD$4:AD$57, MATCH(A5,'Team Scores'!A$4:A$57, 0)) | E5: =INDEX('Team Scores'!AE$4:AE$57, MATCH(A5,'Team Scores'!A$4:A$57, 0)) | F5: =INDEX('Team Scores'!AL$4:AL$57, MATCH(A5,'Team Scores'!A$4:A$57, 0)) | G5: =INDEX('Team Scores'!AM$4:AM$57, MATCH(A5,'Team Scores'!A$4:A$57, 0)) | H5: =INDEX('Team Scores'!AN$4:AN$57, MATCH(A5,'Team Scores'!A$4:A$57, 0)) | I5: =INDEX('Team Scores'!AO$4:AO$57, MATCH(A5,'Team Scores'!A$4:A$57, 0)) | J5: =PERCENTRANK(B$4:B$57, B5, 3) | K5: =PERCENTRANK(D$4:D$57, D5, 3) | L5: =PERCENTRANK(F$4:F$57, F5, 3) | M5: =PERCENTRANK(H$4:H$57, H5, 3) | N5: =INDEX('Team Scores'!AP$4:AP$57, MATCH(A5,'Team Scores'!A$4:A$57, 0)) | O5: =INDEX('Team Scores'!AQ$4:AQ$57, MATCH(A5,'Team Scores'!A$4:A$57, 0)) | P5: =INDEX('Team Scores'!AR$4:AR$57, MATCH(A5,'Team Scores'!A$4:A$57, 0)) | Q5: =INDEX('Team Scores'!AS$4:AS$57, MATCH(A5,'Team Scores'!A$4:A$57, 0)) | R5: =PERCENTRANK(N$4:N$57, N5, 3) | S5: =PERCENTRANK(O$4:O$57, O5, 3) | T5: =PERCENTRANK(P$4:P$57, P5, 3) | U5: =PERCENTRANK(Q$4:Q$57, Q5, 3)
A6: 229 | B6: =INDEX('Team Scores'!P$4:P$57, MATCH(A6,'Team Scores'!A$4:A$57, 0)) | C6: =INDEX('Team Scores'!Q$4:Q$57, MATCH(A6,'Team Scores'!A$4:A$57, 0)) | D6: =INDEX('Team Scores'!AD$4:AD$57, MATCH(A6,'Team Scores'!A$4:A$57, 0)) | E6: =INDEX('Team Scores'!AE$4:AE$57, MATCH(A6,'Team Scores'!A$4:A$57, 0)) | F6: =INDEX('Team Scores'!AL$4:AL$57, MATCH(A6,'Team Scores'!A$4:A$57, 0)) | G6: =INDEX('Team Scores'!AM$4:AM$57, MATCH(A6,'Team Scores'!A$4:A$57, 0)) | H6: =INDEX('Team Scores'!AN$4:AN$57, MATCH(A6,'Team Scores'!A$4:A$57, 0)) | I6: =INDEX('Team Scores'!AO$4:AO$57, MATCH(A6,'Team Scores'!A$4:A$57, 0)) | J6: =PERCENTRANK(B$4:B$57, B6, 3) | K6: =PERCENTRANK(D$4:D$57, D6, 3) | L6: =PERCENTRANK(F$4:F$57, F6, 3) | M6: =PERCENTRANK(H$4:H$57, H6, 3) | N6: =INDEX('Team Scores'!AP$4:AP$57, MATCH(A6,'Team Scores'!A$4:A$57, 0)) | O6: =INDEX('Team Scores'!AQ$4:AQ$57, MATCH(A6,'Team Scores'!A$4:A$57, 0)) | P6: =INDEX('Team Scores'!AR$4:AR$57, MATCH(A6,'Team Scores'!A$4:A$57, 0)) | Q6: =INDEX('Team Scores'!AS$4:AS$57, MATCH(A6,'Team Scores'!A$4:A$57, 0)) | R6: =PERCENTRANK(N$4:N$57, N6, 3) | S6: =PERCENTRANK(O$4:O$57, O6, 3) | T6: =PERCENTRANK(P$4:P$57, P6, 3) | U6: =PERCENTRANK(Q$4:Q$57, Q6, 3)
A7: 250 | B7: =INDEX('Team Scores'!P$4:P$57, MATCH(A7,'Team Scores'!A$4:A$57, 0)) | C7: =INDEX('Team Scores'!Q$4:Q$57, MATCH(A7,'Team Scores'!A$4:A$57, 0)) | D7: =INDEX('Team Scores'!AD$4:AD$57, MATCH(A7,'Team Scores'!A$4:A$57, 0)) | E7: =INDEX('Team Scores'!AE$4:AE$57, MATCH(A7,'Team Scores'!A$4:A$57, 0)) | F7: =INDEX('Team Scores'!AL$4:AL$57, MATCH(A7,'Team Scores'!A$4:A$57, 0)) | G7: =INDEX('Team Scores'!AM$4:AM$57, MATCH(A7,'Team Scores'!A$4:A$57, 0)) | H7: =INDEX('Team Scores'!AN$4:AN$57, MATCH(A7,'Team Scores'!A$4:A$57, 0)) | I7: =INDEX('Team Scores'!AO$4:AO$57, MATCH(A7,'Team Scores'!A$4:A$57, 0)) | J7: =PERCENTRANK(B$4:B$57, B7, 3) | K7: =PERCENTRANK(D$4:D$57, D7, 3) | L7: =PERCENTRANK(F$4:F$57, F7, 3) | M7: =PERCENTRANK(H$4:H$57, H7, 3) | N7: =INDEX('Team Scores'!AP$4:AP$57, MATCH(A7,'Team Scores'!A$4:A$57, 0)) | O7: =INDEX('Team Scores'!AQ$4:AQ$57, MATCH(A7,'Team Scores'!A$4:A$57, 0)) | P7: =INDEX('Team Scores'!AR$4:AR$57, MATCH(A7,'Team Scores'!A$4:A$57, 0)) | Q7: =INDEX('Team Scores'!AS$4:AS$57, MATCH(A7,'Team Scores'!A$4:A$57, 0)) | R7: =PERCENTRANK(N$4:N$57, N7, 3) | S7: =PERCENTRANK(O$4:O$57, O7, 3) | T7: =PERCENTRANK(P$4:P$57, P7, 3) | U7: =PERCENTRANK(Q$4:Q$57, Q7, 3)
A8: 271 | B8: =INDEX('Team Scores'!P$4:P$57, MATCH(A8,'Team Scores'!A$4:A$57, 0)) | C8: =INDEX('Team Scores'!Q$4:Q$57, MATCH(A8,'Team Scores'!A$4:A$57, 0)) | D8: =INDEX('Team Scores'!AD$4:AD$57, MATCH(A8,'Team Scores'!A$4:A$57, 0)) | E8: =INDEX('Team Scores'!AE$4:AE$57, MATCH(A8,'Team Scores'!A$4:A$57, 0)) | F8: =INDEX('Team Scores'!AL$4:AL$57, MATCH(A8,'Team Scores'!A$4:A$57, 0)) | G8: =INDEX('Team Scores'!AM$4:AM$57, MATCH(A8,'Team Scores'!A$4:A$57, 0)) | H8: =INDEX('Team Scores'!AN$4:AN$57, MATCH(A8,'Team Scores'!A$4:A$57, 0)) | I8: =INDEX('Team Scores'!AO$4:AO$57, MATCH(A8,'Team Scores'!A$4:A$57, 0)) | J8: =PERCENTRANK(B$4:B$57, B8, 3) | K8: =PERCENTRANK(D$4:D$57, D8, 3) | L8: =PERCENTRANK(F$4:F$57, F8, 3) | M8: =PERCENTRANK(H$4:H$57, H8, 3) | N8: =INDEX('Team Scores'!AP$4:AP$57, MATCH(A8,'Team Scores'!A$4:A$57, 0)) | O8: =INDEX('Team Scores'!AQ$4:AQ$57, MATCH(A8,'Team Scores'!A$4:A$57, 0)) | P8: =INDEX('Team Scores'!AR$4:AR$57, MATCH(A8,'Team Scores'!A$4:A$57, 0)) | Q8: =INDEX('Team Scores'!AS$4:AS$57, MATCH(A8,'Team Scores'!A$4:A$57, 0)) | R8: =PERCENTRANK(N$4:N$57, N8, 3) | S8: =PERCENTRANK(O$4:O$57, O8, 3) | T8: =PERCENTRANK(P$4:P$57, P8, 3) | U8: =PERCENTRANK(Q$4:Q$57, Q8, 3)
A9: 340 | B9: =INDEX('Team Scores'!P$4:P$57, MATCH(A9,'Team Scores'!A$4:A$57, 0)) | C9: =INDEX('Team Scores'!Q$4:Q$57, MATCH(A9,'Team Scores'!A$4:A$57, 0)) | D9: =INDEX('Team Scores'!AD$4:AD$57, MATCH(A9,'Team Scores'!A$4:A$57, 0)) | E9: =INDEX('Team Scores'!AE$4:AE$57, MATCH(A9,'Team Scores'!A$4:A$57, 0)) | F9: =INDEX('Team Scores'!AL$4:AL$57, MATCH(A9,'Team Scores'!A$4:A$57, 0)) | G9: =INDEX('Team Scores'!AM$4:AM$57, MATCH(A9,'Team Scores'!A$4:A$57, 0)) | H9: =INDEX('Team Scores'!AN$4:AN$57, MATCH(A9,'Team Scores'!A$4:A$57, 0)) | I9: =INDEX('Team Scores'!AO$4:AO$57, MATCH(A9,'Team Scores'!A$4:A$57, 0)) | J9: =PERCENTRANK(B$4:B$57, B9, 3) | K9: =PERCENTRANK(D$4:D$57, D9, 3) | L9: =PERCENTRANK(F$4:F$57, F9, 3) | M9: =PERCENTRANK(H$4:H$57, H9, 3) | N9: =INDEX('Team Scores'!AP$4:AP$57, MATCH(A9,'Team Scores'!A$4:A$57, 0)) | O9: =INDEX('Team Scores'!AQ$4:AQ$57, MATCH(A9,'Team Scores'!A$4:A$57, 0)) | P9: =INDEX('Team Scores'!AR$4:AR$57, MATCH(A9,'Team Scores'!A$4:A$57, 0)) | Q9: =INDEX('Team Scores'!AS$4:AS$57, MATCH(A9,'Team Scores'!A$4:A$57, 0)) | R9: =PERCENTRANK(N$4:N$57, N9, 3) | S9: =PERCENTRANK(O$4:O$57, O9, 3) | T9: =PERCENTRANK(P$4:P$57, P9, 3) | U9: =PERCENTRANK(Q$4:Q$57, Q9, 3)
A10: 378 | B10: =INDEX('Team Scores'!P$4:P$57, MATCH(A10,'Team Scores'!A$4:A$57, 0)) | C10: =INDEX('Team Scores'!Q$4:Q$57, MATCH(A10,'Team Scores'!A$4:A$57, 0)) | D10: =INDEX('Team Scores'!AD$4:AD$57, MATCH(A10,'Team Scores'!A$4:A$57, 0)) | E10: =INDEX('Team Scores'!AE$4:AE$57, MATCH(A10,'Team Scores'!A$4:A$57, 0)) | F10: =INDEX('Team Scores'!AL$4:AL$57, MATCH(A10,'Team Scores'!A$4:A$57, 0)) | G10: =INDEX('Team Scores'!AM$4:AM$57, MATCH(A10,'Team Scores'!A$4:A$57, 0)) | H10: =INDEX('Team Scores'!AN$4:AN$57, MATCH(A10,'Team Scores'!A$4:A$57, 0)) | I10: =INDEX('Team Scores'!AO$4:AO$57, MATCH(A10,'Team Scores'!A$4:A$57, 0)) | J10: =PERCENTRANK(B$4:B$57, B10, 3) | K10: =PERCENTRANK(D$4:D$57, D10, 3) | L10: =PERCENTRANK(F$4:F$57, F10, 3) | M10: =PERCENTRANK(H$4:H$57, H10, 3) | N10: =INDEX('Team Scores'!AP$4:AP$57, MATCH(A10,'Team Scores'!A$4:A$57, 0)) | O10: =INDEX('Team Scores'!AQ$4:AQ$57, MATCH(A10,'Team Scores'!A$4:A$57, 0)) | P10: =INDEX('Team Scores'!AR$4:AR$57, MATCH(A10,'Team Scores'!A$4:A$57, 0)) | Q10: =INDEX('Team Scores'!AS$4:AS$57, MATCH(A10,'Team Scores'!A$4:A$57, 0)) | R10: =PERCENTRANK(N$4:N$57, N10, 3) | S10: =PERCENTRANK(O$4:O$57, O10, 3) | T10: =PERCENTRANK(P$4:P$57, P10, 3) | U10: =PERCENTRANK(Q$4:Q$57, Q10, 3)
A11: 424 | B11: =INDEX('Team Scores'!P$4:P$57, MATCH(A11,'Team Scores'!A$4:A$57, 0)) | C11: =INDEX('Team Scores'!Q$4:Q$57, MATCH(A11,'Team Scores'!A$4:A$57, 0)) | D11: =INDEX('Team Scores'!AD$4:AD$57, MATCH(A11,'Team Scores'!A$4:A$57, 0)) | E11: =INDEX('Team Scores'!AE$4:AE$57, MATCH(A11,'Team Scores'!A$4:A$57, 0)) | F11: =INDEX('Team Scores'!AL$4:AL$57, MATCH(A11,'Team Scores'!A$4:A$57, 0)) | G11: =INDEX('Team Scores'!AM$4:AM$57, MATCH(A11,'Team Scores'!A$4:A$57, 0)) | H11: =INDEX('Team Scores'!AN$4:AN$57, MATCH(A11,'Team Scores'!A$4:A$57, 0)) | I11: =INDEX('Team Scores'!AO$4:AO$57, MATCH(A11,'Team Scores'!A$4:A$57, 0)) | J11: =PERCENTRANK(B$4:B$57, B11, 3) | K11: =PERCENTRANK(D$4:D$57, D11, 3) | L11: =PERCENTRANK(F$4:F$57, F11, 3) | M11: =PERCENTRANK(H$4:H$57, H11, 3) | N11: =INDEX('Team Scores'!AP$4:AP$57, MATCH(A11,'Team Scores'!A$4:A$57, 0)) | O11: =INDEX('Team Scores'!AQ$4:AQ$57, MATCH(A11,'Team Scores'!A$4:A$57, 0)) | P11: =INDEX('Team Scores'!AR$4:AR$57, MATCH(A11,'Team Scores'!A$4:A$57, 0)) | Q11: =INDEX('Team Scores'!AS$4:AS$57, MATCH(A11,'Team Scores'!A$4:A$57, 0)) | R11: =PERCENTRANK(N$4:N$57, N11, 3) | S11: =PERCENTRANK(O$4:O$57, O11, 3) | T11: =PERCENTRANK(P$4:P$57, P11, 3) | U11: =PERCENTRANK(Q$4:Q$57, Q11, 3)
A12: 533 | B12: =INDEX('Team Scores'!P$4:P$57, MATCH(A12,'Team Scores'!A$4:A$57, 0)) | C12: =INDEX('Team Scores'!Q$4:Q$57, MATCH(A12,'Team Scores'!A$4:A$57, 0)) | D12: =INDEX('Team Scores'!AD$4:AD$57, MATCH(A12,'Team Scores'!A$4:A$57, 0)) | E12: =INDEX('Team Scores'!AE$4:AE$57, MATCH(A12,'Team Scores'!A$4:A$57, 0)) | F12: =INDEX('Team Scores'!AL$4:AL$57, MATCH(A12,'Team Scores'!A$4:A$57, 0)) | G12: =INDEX('Team Scores'!AM$4:AM$57, MATCH(A12,'Team Scores'!A$4:A$57, 0)) | H12: =INDEX('Team Scores'!AN$4:AN$57, MATCH(A12,'Team Scores'!A$4:A$57, 0)) | I12: =INDEX('Team Scores'!AO$4:AO$57, MATCH(A12,'Team Scores'!A$4:A$57, 0)) | J12: =PERCENTRANK(B$4:B$57, B12, 3) | K12: =PERCENTRANK(D$4:D$57, D12, 3) | L12: =PERCENTRANK(F$4:F$57, F12, 3) | M12: =PERCENTRANK(H$4:H$57, H12, 3) | N12: =INDEX('Team Scores'!AP$4:AP$57, MATCH(A12,'Team Scores'!A$4:A$57, 0)) | O12: =INDEX('Team Scores'!AQ$4:AQ$57, MATCH(A12,'Team Scores'!A$4:A$57, 0)) | P12: =INDEX('Team Scores'!AR$4:AR$57, MATCH(A12,'Team Scores'!A$4:A$57, 0)) | Q12: =INDEX('Team Scores'!AS$4:AS$57, MATCH(A12,'Team Scores'!A$4:A$57, 0)) | R12: =PERCENTRANK(N$4:N$57, N12, 3) | S12: =PERCENTRANK(O$4:O$57, O12, 3) | T12: =PERCENTRANK(P$4:P$57, P12, 3) | U12: =PERCENTRANK(Q$4:Q$57, Q12, 3)
A13: 564 | B13: =INDEX('Team Scores'!P$4:P$57, MATCH(A13,'Team Scores'!A$4:A$57, 0)) | C13: =INDEX('Team Scores'!Q$4:Q$57, MATCH(A13,'Team Scores'!A$4:A$57, 0)) | D13: =INDEX('Team Scores'!AD$4:AD$57, MATCH(A13,'Team Scores'!A$4:A$57, 0)) | E13: =INDEX('Team Scores'!AE$4:AE$57, MATCH(A13,'Team Scores'!A$4:A$57, 0)) | F13: =INDEX('Team Scores'!AL$4:AL$57, MATCH(A13,'Team Scores'!A$4:A$57, 0)) | G13: =INDEX('Team Scores'!AM$4:AM$57, MATCH(A13,'Team Scores'!A$4:A$57, 0)) | H13: =INDEX('Team Scores'!AN$4:AN$57, MATCH(A13,'Team Scores'!A$4:A$57, 0)) | I13: =INDEX('Team Scores'!AO$4:AO$57, MATCH(A13,'Team Scores'!A$4:A$57, 0)) | J13: =PERCENTRANK(B$4:B$57, B13, 3) | K13: =PERCENTRANK(D$4:D$57, D13, 3) | L13: =PERCENTRANK(F$4:F$57, F13, 3) | M13: =PERCENTRANK(H$4:H$57, H13, 3) | N13: =INDEX('Team Scores'!AP$4:AP$57, MATCH(A13,'Team Scores'!A$4:A$57, 0)) | O13: =INDEX('Team Scores'!AQ$4:AQ$57, MATCH(A13,'Team Scores'!A$4:A$57, 0)) | P13: =INDEX('Team Scores'!AR$4:AR$57, MATCH(A13,'Team Scores'!A$4:A$57, 0)) | Q13: =INDEX('Team Scores'!AS$4:AS$57, MATCH(A13,'Team Scores'!A$4:A$57, 0)) | R13: =PERCENTRANK(N$4:N$57, N13, 3) | S13: =PERCENTRANK(O$4:O$57, O13, 3) | T13: =PERCENTRANK(P$4:P$57, P13, 3) | U13: =PERCENTRANK(Q$4:Q$57, Q13, 3)
A14: 578 | B14: =INDEX('Team Scores'!P$4:P$57, MATCH(A14,'Team Scores'!A$4:A$57, 0)) | C14: =INDEX('Team Scores'!Q$4:Q$57, MATCH(A14,'Team Scores'!A$4:A$57, 0)) | D14: =INDEX('Team Scores'!AD$4:AD$57, MATCH(A14,'Team Scores'!A$4:A$57, 0)) | E14: =INDEX('Team Scores'!AE$4:AE$57, MATCH(A14,'Team Scores'!A$4:A$57, 0)) | F14: =INDEX('Team Scores'!AL$4:AL$57, MATCH(A14,'Team Scores'!A$4:A$57, 0)) | G14: =INDEX('Team Scores'!AM$4:AM$57, MATCH(A14,'Team Scores'!A$4:A$57, 0)) | H14: =INDEX('Team Scores'!AN$4:AN$57, MATCH(A14,'Team Scores'!A$4:A$57, 0)) | I14: =INDEX('Team Scores'!AO$4:AO$57, MATCH(A14,'Team Scores'!A$4:A$57, 0)) | J14: =PERCENTRANK(B$4:B$57, B14, 3) | K14: =PERCENTRANK(D$4:D$57, D14, 3) | L14: =PERCENTRANK(F$4:F$57, F14, 3) | M14: =PERCENTRANK(H$4:H$57, H14, 3) | N14: =INDEX('Team Scores'!AP$4:AP$57, MATCH(A14,'Team Scores'!A$4:A$57, 0)) | O14: =INDEX('Team Scores'!AQ$4:AQ$57, MATCH(A14,'Team Scores'!A$4:A$57, 0)) | P14: =INDEX('Team Scores'!AR$4:AR$57, MATCH(A14,'Team Scores'!A$4:A$57, 0)) | Q14: =INDEX('Team Scores'!AS$4:AS$57, MATCH(A14,'Team Scores'!A$4:A$57, 0)) | R14: =PERCENTRANK(N$4:N$57, N14, 3) | S14: =PERCENTRANK(O$4:O$57, O14, 3) | T14: =PERCENTRANK(P$4:P$57, P14, 3) | U14: =PERCENTRANK(Q$4:Q$57, Q14, 3)
A15: 639 | B15: =INDEX('Team Scores'!P$4:P$57, MATCH(A15,'Team Scores'!A$4:A$57, 0)) | C15: =INDEX('Team Scores'!Q$4:Q$57, MATCH(A15,'Team Scores'!A$4:A$57, 0)) | D15: =INDEX('Team Scores'!AD$4:AD$57, MATCH(A15,'Team Scores'!A$4:A$57, 0)) | E15: =INDEX('Team Scores'!AE$4:AE$57, MATCH(A15,'Team Scores'!A$4:A$57, 0)) | F15: =INDEX('Team Scores'!AL$4:AL$57, MATCH(A15,'Team Scores'!A$4:A$57, 0)) | G15: =INDEX('Team Scores'!AM$4:AM$57, MATCH(A15,'Team Scores'!A$4:A$57, 0)) | H15: =INDEX('Team Scores'!AN$4:AN$57, MATCH(A15,'Team Scores'!A$4:A$57, 0)) | I15: =INDEX('Team Scores'!AO$4:AO$57, MATCH(A15,'Team Scores'!A$4:A$57, 0)) | J15: =PERCENTRANK(B$4:B$57, B15, 3) | K15: =PERCENTRANK(D$4:D$57, D15, 3) | L15: =PERCENTRANK(F$4:F$57, F15, 3) | M15: =PERCENTRANK(H$4:H$57, H15, 3) | N15: =INDEX('Team Scores'!AP$4:AP$57, MATCH(A15,'Team Scores'!A$4:A$57, 0)) | O15: =INDEX('Team Scores'!AQ$4:AQ$57, MATCH(A15,'Team Scores'!A$4:A$57, 0)) | P15: =INDEX('Team Scores'!AR$4:AR$57, MATCH(A15,'Team Scores'!A$4:A$57, 0)) | Q15: =INDEX('Team Scores'!AS$4:AS$57, MATCH(A15,'Team Scores'!A$4:A$57, 0)) | R15: =PERCENTRANK(N$4:N$57, N15, 3) | S15: =PERCENTRANK(O$4:O$57, O15, 3) | T15: =PERCENTRANK(P$4:P$57, P15, 3) | U15: =PERCENTRANK(Q$4:Q$57, Q15, 3)
... A57: 10223 | B57: =INDEX('Team Scores'!P$4:P$57, MATCH(A57,'Team Scores'!A$4:A$57, 0)) | C57: =INDEX('Team Scores'!Q$4:Q$57, MATCH(A57,'Team Scores'!A$4:A$57, 0)) | D57: =INDEX('Team Scores'!AD$4:AD$57, MATCH(A57,'Team Scores'!A$4:A$57, 0)) | E57: =INDEX('Team Scores'!AE$4:AE$57, MATCH(A57,'Team Scores'!A$4:A$57, 0)) | F57: =INDEX('Team Scores'!AL$4:AL$57, MATCH(A57,'Team Scores'!A$4:A$57, 0)) | G57: =INDEX('Team Scores'!AM$4:AM$57, MATCH(A57,'Team Scores'!A$4:A$57, 0)) | H57: =INDEX('Team Scores'!AN$4:AN$57, MATCH(A57,'Team Scores'!A$4:A$57, 0)) | I57: =INDEX('Team Scores'!AO$4:AO$57, MATCH(A57,'Team Scores'!A$4:A$57, 0)) | J57: =PERCENTRANK(B$4:B$57, B57, 3) | K57: =PERCENTRANK(D$4:D$57, D57, 3) | L57: =PERCENTRANK(F$4:F$57, F57, 3) | M57: =PERCENTRANK(H$4:H$57, H57, 3) | N57: =INDEX('Team Scores'!AP$4:AP$57, MATCH(A57,'Team Scores'!A$4:A$57, 0)) | O57: =INDEX('Team Scores'!AQ$4:AQ$57, MATCH(A57,'Team Scores'!A$4:A$57, 0)) | P57: =INDEX('Team Scores'!AR$4:AR$57, MATCH(A57,'Team Scores'!A$4:A$57, 0)) | Q57: =INDEX('Team Scores'!AS$4:AS$57, MATCH(A57,'Team Scores'!A$4:A$57, 0)) | R57: =PERCENTRANK(N$4:N$57, N57, 3) | S57: =PERCENTRANK(O$4:O$57, O57, 3) | T57: =PERCENTRANK(P$4:P$57, P57, 3) | U57: =PERCENTRANK(Q$4:Q$57, Q57, 3)

Sheet PB Scouter Summary
A1: Scouter Name | B1: Match Count
A2: {=_xlfn._xlws.SORT(_xlfn.UNIQUE(MatchScoutingData!B2:B9997))} | B2: =COUNTIF(MatchScoutingData!B$2:B$9997, $A2)
A3: 0 | B3: =COUNTIF(MatchScoutingData!B$2:B$9997, $A3)
B4: =COUNTIF(MatchScoutingData!B$2:B$9997, $A4)
B5: =COUNTIF(MatchScoutingData!B$2:B$9997, $A5)
B6: =COUNTIF(MatchScoutingData!B$2:B$9997, $A6)
B7: =COUNTIF(MatchScoutingData!B$2:B$9997, $A7)
B8: =COUNTIF(MatchScoutingData!B$2:B$9997, $A8)
B9: =COUNTIF(MatchScoutingData!B$2:B$9997, $A9)
B10: =COUNTIF(MatchScoutingData!B$2:B$9997, $A10)
B11: =COUNTIF(MatchScoutingData!B$2:B$9997, $A11)
B12: =COUNTIF(MatchScoutingData!B$2:B$9997, $A12)
B13: =COUNTIF(MatchScoutingData!B$2:B$9997, $A13)
B14: =COUNTIF(MatchScoutingData!B$2:B$9997, $A14)
B15: =COUNTIF(MatchScoutingData!B$2:B$9997, $A15)
... B101: =COUNTIF(MatchScoutingData!B$2:B$9997, $A101)

Sheet PB Team Summary
A1: Team | B1: Auto Total | C1: Auto Average | D1: Teleop Total | E1: Teleop Average | F1: Endgame Total | G1: Endgame Average
A2: ='Team Summary'!A4 | B2: ='Team Summary'!B4 | C2: ='Team Summary'!C4 | D2: ='Team Summary'!D4 | E2: ='Team Summary'!E4 | F2: ='Team Summary'!F4 | G2: ='Team Summary'!G4
A3: ='Team Summary'!A5 | B3: ='Team Summary'!B5 | C3: ='Team Summary'!C5 | D3: ='Team Summary'!D5 | E3: ='Team Summary'!E5 | F3: ='Team Summary'!F5 | G3: ='Team Summary'!G5
A4: ='Team Summary'!A6 | B4: ='Team Summary'!B6 | C4: ='Team Summary'!C6 | D4: ='Team Summary'!D6 | E4: ='Team Summary'!E6 | F4: ='Team Summary'!F6 | G4: ='Team Summary'!G6
A5: ='Team Summary'!A7 | B5: ='Team Summary'!B7 | C5: ='Team Summary'!C7 | D5: ='Team Summary'!D7 | E5: ='Team Summary'!E7 | F5: ='Team Summary'!F7 | G5: ='Team Summary'!G7
A6: ='Team Summary'!A8 | B6: ='Team Summary'!B8 | C6: ='Team Summary'!C8 | D6: ='Team Summary'!D8 | E6: ='Team Summary'!E8 | F6: ='Team Summary'!F8 | G6: ='Team Summary'!G8
A7: ='Team Summary'!A9 | B7: ='Team Summary'!B9 | C7: ='Team Summary'!C9 | D7: ='Team Summary'!D9 | E7: ='Team Summary'!E9 | F7: ='Team Summary'!F9 | G7: ='Team Summary'!G9
A8: ='Team Summary'!A10 | B8: ='Team Summary'!B10 | C8: ='Team Summary'!C10 | D8: ='Team Summary'!D10 | E8: ='Team Summary'!E10 | F8: ='Team Summary'!F10 | G8: ='Team Summary'!G10
A9: ='Team Summary'!A11 | B9: ='Team Summary'!B11 | C9: ='Team Summary'!C11 | D9: ='Team Summary'!D11 | E9: ='Team Summary'!E11 | F9: ='Team Summary'!F11 | G9: ='Team Summary'!G11
A10: ='Team Summary'!A12 | B10: ='Team Summary'!B12 | C10: ='Team Summary'!C12 | D10: ='Team Summary'!D12 | E10: ='Team Summary'!E12 | F10: ='Team Summary'!F12 | G10: ='Team Summary'!G12
A11: ='Team Summary'!A13 | B11: ='Team Summary'!B13 | C11: ='Team Summary'!C13 | D11: ='Team Summary'!D13 | E11: ='Team Summary'!E13 | F11: ='Team Summary'!F13 | G11: ='Team Summary'!G13
A12: ='Team Summary'!A14 | B12: ='Team Summary'!B14 | C12: ='Team Summary'!C14 | D12: ='Team Summary'!D14 | E12: ='Team Summary'!E14 | F12: ='Team Summary'!F14 | G12: ='Team Summary'!G14
A13: ='Team Summary'!A15 | B13: ='Team Summary'!B15 | C13: ='Team Summary'!C15 | D13: ='Team Summary'!D15 | E13: ='Team Summary'!E15 | F13: ='Team Summary'!F15 | G13: ='Team Summary'!G15
... A55: ='Team Summary'!A57 | B55: ='Team Summary'!B57 | C55: ='Team Summary'!C57 | D55: ='Team Summary'!D57 | E55: ='Team Summary'!E57 | F55: ='Team Summary'!F57 | G55: ='Team Summary'!G57
